,code,entity,year,wind_energy_capacity
0,44,Afghanistan,2012,0.0001
1,44,Afghanistan,2013,0.0001
2,44,Afghanistan,2014,0.0001
3,44,Afghanistan,2015,0.0001
4,44,Afghanistan,2016,0.0001
5,44,Afghanistan,2017,0.0004
6,44,Afghanistan,2018,0.0004
7,44,Afghanistan,2019,0.0004
8,44,Afghanistan,2020,0.0004
9,44,Afghanistan,2021,0.0004
10,44,Afghanistan,2022,0.0004
11,45,Africa,2000,0.13905
12,45,Africa,2001,0.13905
13,45,Africa,2002,0.14431
14,45,Africa,2003,0.15379001
15,45,Africa,2004,0.23611
16,45,Africa,2005,0.24018
17,45,Africa,2006,0.327905
18,45,Africa,2007,0.4701
19,45,Africa,2008,0.5553
20,45,Africa,2009,0.7424
21,45,Africa,2010,0.864777
22,45,Africa,2011,0.994982
23,45,Africa,2012,1.127594
24,45,Africa,2013,1.741834
25,45,Africa,2014,2.399398
26,45,Africa,2015,3.320268
27,45,Africa,2016,3.831394
28,45,Africa,2017,4.578262700000001
29,45,Africa,2018,5.4715527
30,45,Africa,2019,5.528753
31,45,Africa,2020,6.5146533
32,45,Africa,2021,7.3701533
33,45,Africa,2022,7.6846533
34,46,Africa (IRENA),2000,0.13905
35,46,Africa (IRENA),2001,0.13905
36,46,Africa (IRENA),2002,0.14431
37,46,Africa (IRENA),2003,0.1537899999999999
38,46,Africa (IRENA),2004,0.23611
39,46,Africa (IRENA),2005,0.24018
40,46,Africa (IRENA),2006,0.327905
41,46,Africa (IRENA),2007,0.4701
42,46,Africa (IRENA),2008,0.5553
43,46,Africa (IRENA),2009,0.7424
44,46,Africa (IRENA),2010,0.864777
45,46,Africa (IRENA),2011,0.994982
46,46,Africa (IRENA),2012,1.127594
47,46,Africa (IRENA),2013,1.741834
48,46,Africa (IRENA),2014,2.399398
49,46,Africa (IRENA),2015,3.320268
50,46,Africa (IRENA),2016,3.831394
51,46,Africa (IRENA),2017,4.578263
52,46,Africa (IRENA),2018,5.471553
53,46,Africa (IRENA),2019,5.528753
54,46,Africa (IRENA),2020,6.514653
55,46,Africa (IRENA),2021,7.370153
56,46,Africa (IRENA),2022,7.684653000000001
57,47,Algeria,2014,0.0101999999999999
58,47,Algeria,2015,0.0101999999999999
59,47,Algeria,2016,0.0101999999999999
60,47,Algeria,2017,0.0101999999999999
61,47,Algeria,2018,0.01
62,47,Algeria,2019,0.01
63,47,Algeria,2020,0.01
64,47,Algeria,2021,0.01
65,47,Algeria,2022,0.01
66,48,Antigua and Barbuda,2020,0.004
67,48,Antigua and Barbuda,2021,0.004
68,48,Antigua and Barbuda,2022,0.004
69,2,Argentina,2000,0.014112
70,2,Argentina,2001,0.024829
71,2,Argentina,2002,0.0257979999999999
72,2,Argentina,2003,0.025729
73,2,Argentina,2004,0.027829
74,2,Argentina,2005,0.027829
75,2,Argentina,2006,0.027829
76,2,Argentina,2007,0.027829
77,2,Argentina,2008,0.027829
78,2,Argentina,2009,0.027829
79,2,Argentina,2010,0.027829
80,2,Argentina,2011,0.059579
81,2,Argentina,2012,0.136979
82,2,Argentina,2013,0.189979
83,2,Argentina,2014,0.215187
84,2,Argentina,2015,0.187104
85,2,Argentina,2016,0.187442
86,2,Argentina,2017,0.226742
87,2,Argentina,2018,0.750342
88,2,Argentina,2019,1.609359
89,2,Argentina,2020,2.623904
90,2,Argentina,2021,3.292124
91,2,Argentina,2022,3.309315
92,49,Armenia,2005,0.00264
93,49,Armenia,2006,0.00264
94,49,Armenia,2007,0.00264
95,49,Armenia,2008,0.00264
96,49,Armenia,2009,0.00264
97,49,Armenia,2010,0.00264
98,49,Armenia,2011,0.00264
99,49,Armenia,2012,0.00264
100,49,Armenia,2013,0.00264
101,49,Armenia,2014,0.00264
102,49,Armenia,2015,0.0026
103,49,Armenia,2016,0.002925
104,49,Armenia,2017,0.002925
105,49,Armenia,2018,0.002925
106,49,Armenia,2019,0.002925
107,49,Armenia,2020,0.002925
108,49,Armenia,2021,0.002925
109,49,Armenia,2022,0.002925
110,50,Aruba,2009,0.03
111,50,Aruba,2010,0.03
112,50,Aruba,2011,0.03
113,50,Aruba,2012,0.03
114,50,Aruba,2013,0.03
115,50,Aruba,2014,0.03
116,50,Aruba,2015,0.03
117,50,Aruba,2016,0.03
118,50,Aruba,2017,0.03
119,50,Aruba,2018,0.03
120,50,Aruba,2019,0.03
121,50,Aruba,2020,0.03
122,50,Aruba,2021,0.03
123,50,Aruba,2022,0.03
124,3,Asia,2000,1.4100050000000002
125,3,Asia,2001,2.171412
126,3,Asia,2002,2.3949520000000004
127,3,Asia,2003,3.58896
128,3,Asia,2004,5.43746
129,3,Asia,2005,6.9485
130,3,Asia,2006,10.623893
131,3,Asia,2007,14.211563
132,3,Asia,2008,21.427553
133,3,Asia,2009,32.205203000000004
134,3,Asia,2010,47.51191000000001
135,3,Asia,2011,67.86733000000001
136,3,Asia,2012,85.19031
137,3,Asia,2013,102.42939
138,3,Asia,2014,128.13639
139,3,Asia,2015,166.60339000000002
140,3,Asia,2016,190.39831
141,3,Asia,2017,212.07497
142,3,Asia,2018,236.79719
143,3,Asia,2019,266.12712
144,3,Asia,2020,342.14397
145,3,Asia,2021,396.67053
146,3,Asia,2022,438.2213
147,51,Asia (IRENA),2000,1.378605
148,51,Asia (IRENA),2001,2.140012
149,51,Asia (IRENA),2002,2.356552
150,51,Asia (IRENA),2003,3.54656
151,51,Asia (IRENA),2004,5.385560000000001
152,51,Asia (IRENA),2005,6.87986
153,51,Asia (IRENA),2006,10.507253
154,51,Asia (IRENA),2007,13.991923000000002
155,51,Asia (IRENA),2008,20.989238
156,51,Asia (IRENA),2009,31.307889
157,51,Asia (IRENA),2010,46.08359
158,51,Asia (IRENA),2011,66.02680000000001
159,51,Asia (IRENA),2012,82.80936
160,51,Asia (IRENA),2013,99.542484
161,51,Asia (IRENA),2014,124.336484
162,51,Asia (IRENA),2015,161.80356
163,51,Asia (IRENA),2016,184.18542
164,51,Asia (IRENA),2017,205.01611
165,51,Asia (IRENA),2018,229.0938
166,51,Asia (IRENA),2019,257.67095
167,51,Asia (IRENA),2020,332.29838
168,51,Asia (IRENA),2021,384.94472
169,51,Asia (IRENA),2022,425.67394
170,5,Australia,2000,0.033
171,5,Australia,2001,0.076
172,5,Australia,2002,0.106
173,5,Australia,2003,0.19
174,5,Australia,2004,0.379
175,5,Australia,2005,0.74
176,5,Australia,2006,0.8190000000000001
177,5,Australia,2007,1.249
178,5,Australia,2008,1.441
179,5,Australia,2009,1.703
180,5,Australia,2010,1.864
181,5,Australia,2011,2.127
182,5,Australia,2012,2.561
183,5,Australia,2013,3.221
184,5,Australia,2014,3.797
185,5,Australia,2015,4.181
186,5,Australia,2016,4.324
187,5,Australia,2017,4.812
188,5,Australia,2018,5.442
189,5,Australia,2019,6.279
190,5,Australia,2020,8.603
191,5,Australia,2021,8.9506
192,5,Australia,2022,10.134
193,6,Austria,2000,0.05
194,6,Austria,2001,0.067
195,6,Austria,2002,0.109
196,6,Austria,2003,0.322
197,6,Austria,2004,0.581
198,6,Austria,2005,0.825219
199,6,Austria,2006,0.968269
200,6,Austria,2007,0.991159
201,6,Austria,2008,0.991974
202,6,Austria,2009,1.000985
203,6,Austria,2010,1.015828
204,6,Austria,2011,1.105966
205,6,Austria,2012,1.33715
206,6,Austria,2013,1.674538
207,6,Austria,2014,2.110275
208,6,Austria,2015,2.488726
209,6,Austria,2016,2.7299960000000003
210,6,Austria,2017,2.886698
211,6,Austria,2018,3.1327130000000003
212,6,Austria,2019,3.224117
213,6,Austria,2020,3.225979
214,6,Austria,2021,3.407811
215,6,Austria,2022,3.735811
216,52,Azerbaijan,2009,0.002
217,52,Azerbaijan,2010,0.002
218,52,Azerbaijan,2011,0.002
219,52,Azerbaijan,2012,0.002
220,52,Azerbaijan,2013,0.0027
221,52,Azerbaijan,2014,0.0027
222,52,Azerbaijan,2015,0.008
223,52,Azerbaijan,2016,0.0157
224,52,Azerbaijan,2017,0.0157
225,52,Azerbaijan,2018,0.066
226,52,Azerbaijan,2019,0.066
227,52,Azerbaijan,2020,0.066
228,52,Azerbaijan,2021,0.066
229,52,Azerbaijan,2022,0.066
230,53,Bahrain,2008,0.000675
231,53,Bahrain,2009,0.000675
232,53,Bahrain,2010,0.00068
233,53,Bahrain,2011,0.00068
234,53,Bahrain,2012,0.00068
235,53,Bahrain,2013,0.00068
236,53,Bahrain,2014,0.00068
237,53,Bahrain,2015,0.00068
238,53,Bahrain,2016,0.00068
239,53,Bahrain,2017,0.00068
240,53,Bahrain,2018,0.00068
241,53,Bahrain,2019,0.00068
242,53,Bahrain,2020,0.00068
243,53,Bahrain,2021,0.00068
244,53,Bahrain,2022,0.00074
245,54,Bangladesh,2006,0.0009
246,54,Bangladesh,2007,0.0009
247,54,Bangladesh,2008,0.0019
248,54,Bangladesh,2009,0.0019
249,54,Bangladesh,2010,0.0019
250,54,Bangladesh,2011,0.0019
251,54,Bangladesh,2012,0.0019
252,54,Bangladesh,2013,0.0019
253,54,Bangladesh,2014,0.0019
254,54,Bangladesh,2015,0.0029
255,54,Bangladesh,2016,0.0029
256,54,Bangladesh,2017,0.0029
257,54,Bangladesh,2018,0.0029
258,54,Bangladesh,2019,0.0029
259,54,Bangladesh,2020,0.0029
260,54,Bangladesh,2021,0.0029
261,54,Bangladesh,2022,0.0029
262,55,Barbados,2000,4e-05
263,55,Barbados,2001,4e-05
264,55,Barbados,2002,4e-05
265,55,Barbados,2003,4e-05
266,55,Barbados,2004,4e-05
267,55,Barbados,2005,4e-05
268,55,Barbados,2006,4e-05
269,55,Barbados,2007,4e-05
270,55,Barbados,2008,4e-05
271,55,Barbados,2009,4e-05
272,55,Barbados,2010,4e-05
273,55,Barbados,2011,4e-05
274,55,Barbados,2012,4e-05
275,55,Barbados,2013,4e-05
276,55,Barbados,2014,4e-05
277,55,Barbados,2015,4e-05
278,55,Barbados,2016,6e-05
279,55,Barbados,2017,6e-05
280,55,Barbados,2018,6e-05
281,55,Barbados,2019,6e-05
282,55,Barbados,2020,6e-05
283,55,Barbados,2021,6e-05
284,55,Barbados,2022,0.00116
285,56,Belarus,2000,0.00025
286,56,Belarus,2001,0.0006
287,56,Belarus,2002,0.0011
288,56,Belarus,2003,0.0011
289,56,Belarus,2004,0.0011
290,56,Belarus,2005,0.0011
291,56,Belarus,2006,0.0011
292,56,Belarus,2007,0.0019
293,56,Belarus,2008,0.0019
294,56,Belarus,2009,0.0019
295,56,Belarus,2010,0.0019
296,56,Belarus,2011,0.002
297,56,Belarus,2012,0.005
298,56,Belarus,2013,0.007
299,56,Belarus,2014,0.009
300,56,Belarus,2015,0.022
301,56,Belarus,2016,0.062
302,56,Belarus,2017,0.084
303,56,Belarus,2018,0.092
304,56,Belarus,2019,0.112
305,56,Belarus,2020,0.112
306,56,Belarus,2021,0.1117
307,56,Belarus,2022,0.1117
308,7,Belgium,2000,0.014
309,7,Belgium,2001,0.026
310,7,Belgium,2002,0.031
311,7,Belgium,2003,0.067
312,7,Belgium,2004,0.096
313,7,Belgium,2005,0.167
314,7,Belgium,2006,0.212
315,7,Belgium,2007,0.276
316,7,Belgium,2008,0.324
317,7,Belgium,2009,0.608
318,7,Belgium,2010,0.912
319,7,Belgium,2011,1.069
320,7,Belgium,2012,1.3669000000000002
321,7,Belgium,2013,1.769
322,7,Belgium,2014,1.9327
323,7,Belgium,2015,2.1813
324,7,Belgium,2016,2.3338
325,7,Belgium,2017,2.7794000000000003
326,7,Belgium,2018,3.3049
327,7,Belgium,2019,3.8635
328,7,Belgium,2020,4.6727
329,7,Belgium,2021,4.9484
330,7,Belgium,2022,5.251399999999999
331,57,Belize,2000,2e-05
332,57,Belize,2001,2e-05
333,57,Belize,2002,2e-05
334,57,Belize,2003,2e-05
335,57,Belize,2004,2e-05
336,57,Belize,2005,2e-05
337,57,Belize,2006,2e-05
338,57,Belize,2007,2e-05
339,57,Belize,2008,2e-05
340,57,Belize,2009,2e-05
341,57,Belize,2010,2e-05
342,57,Belize,2011,2e-05
343,57,Belize,2012,2e-05
344,57,Belize,2013,2e-05
345,57,Belize,2014,2e-05
346,57,Belize,2015,2e-05
347,57,Belize,2016,2e-05
348,57,Belize,2017,2e-05
349,57,Belize,2018,2e-05
350,57,Belize,2019,2e-05
351,57,Belize,2020,2e-05
352,57,Belize,2021,2e-05
353,57,Belize,2022,2e-05
354,58,Bhutan,2015,0.0006
355,58,Bhutan,2016,0.0006
356,58,Bhutan,2017,0.0006
357,58,Bhutan,2018,0.0006
358,58,Bhutan,2019,0.0006
359,58,Bhutan,2020,0.0006
360,58,Bhutan,2021,0.0006
361,58,Bhutan,2022,0.0006
362,59,Bolivia,2010,0.0001
363,59,Bolivia,2011,0.0001
364,59,Bolivia,2012,0.0001
365,59,Bolivia,2013,0.0001
366,59,Bolivia,2014,0.00316
367,59,Bolivia,2015,0.00316
368,59,Bolivia,2016,0.027
369,59,Bolivia,2017,0.027
370,59,Bolivia,2018,0.027
371,59,Bolivia,2019,0.027
372,59,Bolivia,2020,0.027
373,59,Bolivia,2021,0.1278
374,59,Bolivia,2022,0.1314
375,60,Bonaire Sint Eustatius and Saba,2007,0.00033
376,60,Bonaire Sint Eustatius and Saba,2008,0.00033
377,60,Bonaire Sint Eustatius and Saba,2009,0.01023
378,60,Bonaire Sint Eustatius and Saba,2010,0.01023
379,60,Bonaire Sint Eustatius and Saba,2011,0.01023
380,60,Bonaire Sint Eustatius and Saba,2012,0.01023
381,60,Bonaire Sint Eustatius and Saba,2013,0.01113
382,60,Bonaire Sint Eustatius and Saba,2014,0.01113
383,60,Bonaire Sint Eustatius and Saba,2015,0.01113
384,60,Bonaire Sint Eustatius and Saba,2016,0.01113
385,60,Bonaire Sint Eustatius and Saba,2017,0.01113
386,60,Bonaire Sint Eustatius and Saba,2018,0.01113
387,60,Bonaire Sint Eustatius and Saba,2019,0.01113
388,60,Bonaire Sint Eustatius and Saba,2020,0.01113
389,60,Bonaire Sint Eustatius and Saba,2021,0.01113
390,60,Bonaire Sint Eustatius and Saba,2022,0.01113
391,61,Bosnia and Herzegovina,2011,0.0003
392,61,Bosnia and Herzegovina,2012,0.0003
393,61,Bosnia and Herzegovina,2013,0.0003
394,61,Bosnia and Herzegovina,2014,0.0003
395,61,Bosnia and Herzegovina,2015,0.0003
396,61,Bosnia and Herzegovina,2016,0.0003
397,61,Bosnia and Herzegovina,2017,0.0003
398,61,Bosnia and Herzegovina,2018,0.051
399,61,Bosnia and Herzegovina,2019,0.087
400,61,Bosnia and Herzegovina,2020,0.087
401,61,Bosnia and Herzegovina,2021,0.135
402,61,Bosnia and Herzegovina,2022,0.135
403,8,Brazil,2000,0.022
404,8,Brazil,2001,0.024
405,8,Brazil,2002,0.022
406,8,Brazil,2003,0.024
407,8,Brazil,2004,0.024
408,8,Brazil,2005,0.029
409,8,Brazil,2006,0.237
410,8,Brazil,2007,0.247
411,8,Brazil,2008,0.398
412,8,Brazil,2009,0.602
413,8,Brazil,2010,0.927
414,8,Brazil,2011,1.426
415,8,Brazil,2012,1.894
416,8,Brazil,2013,2.20202
417,8,Brazil,2014,4.888053
418,8,Brazil,2015,7.633115
419,8,Brazil,2016,10.129155
420,8,Brazil,2017,12.304272
421,8,Brazil,2018,14.843094
422,8,Brazil,2019,15.438379
423,8,Brazil,2020,17.198324
424,8,Brazil,2021,21.16127
425,8,Brazil,2022,24.163129
426,62,British Virgin Islands,2010,0.0005
427,62,British Virgin Islands,2011,0.0005
428,62,British Virgin Islands,2012,0.0005
429,62,British Virgin Islands,2013,0.0005
430,62,British Virgin Islands,2014,0.0005
431,62,British Virgin Islands,2015,0.0005
432,62,British Virgin Islands,2016,0.0005
433,62,British Virgin Islands,2017,0.0005
434,62,British Virgin Islands,2018,0.0005
435,62,British Virgin Islands,2019,0.000801
436,62,British Virgin Islands,2020,0.000801
437,62,British Virgin Islands,2021,0.000801
438,62,British Virgin Islands,2022,0.000801
439,63,Bulgaria,2004,0.001
440,63,Bulgaria,2005,0.008
441,63,Bulgaria,2006,0.027
442,63,Bulgaria,2007,0.03
443,63,Bulgaria,2008,0.114
444,63,Bulgaria,2009,0.333
445,63,Bulgaria,2010,0.488
446,63,Bulgaria,2011,0.541
447,63,Bulgaria,2012,0.677
448,63,Bulgaria,2013,0.683
449,63,Bulgaria,2014,0.6990000000000001
450,63,Bulgaria,2015,0.6990000000000001
451,63,Bulgaria,2016,0.6990000000000001
452,63,Bulgaria,2017,0.69839
453,63,Bulgaria,2018,0.69892
454,63,Bulgaria,2019,0.70312
455,63,Bulgaria,2020,0.7028
456,63,Bulgaria,2021,0.704375
457,63,Bulgaria,2022,0.704375
458,64,Cambodia,2009,0.00025
459,64,Cambodia,2010,0.00025
460,64,Cambodia,2011,0.00025
461,64,Cambodia,2012,0.00025
462,64,Cambodia,2013,0.00025
463,64,Cambodia,2014,0.00025
464,64,Cambodia,2015,0.00025
465,64,Cambodia,2016,0.00025
466,64,Cambodia,2017,0.00025
467,64,Cambodia,2018,0.00025
468,64,Cambodia,2019,0.00025
469,64,Cambodia,2020,0.00025
470,64,Cambodia,2021,0.00025
471,64,Cambodia,2022,0.00025
472,10,Canada,2000,0.092
473,10,Canada,2001,0.131
474,10,Canada,2002,0.161
475,10,Canada,2003,0.327
476,10,Canada,2004,0.444
477,10,Canada,2005,0.677
478,10,Canada,2006,1.423
479,10,Canada,2007,1.84
480,10,Canada,2008,2.336
481,10,Canada,2009,3.282
482,10,Canada,2010,3.967
483,10,Canada,2011,5.265
484,10,Canada,2012,6.2010000000000005
485,10,Canada,2013,7.801
486,10,Canada,2014,9.694
487,10,Canada,2015,11.214
488,10,Canada,2016,11.973
489,10,Canada,2017,12.25
490,10,Canada,2018,12.816
491,10,Canada,2019,13.413
492,10,Canada,2020,13.62696
493,10,Canada,2021,14.30356
494,10,Canada,2022,15.29546
495,65,Cape Verde,2002,0.0021
496,65,Cape Verde,2003,0.00268
497,65,Cape Verde,2004,0.0024
498,65,Cape Verde,2005,0.0024
499,65,Cape Verde,2006,0.0021
500,65,Cape Verde,2007,0.0021
501,65,Cape Verde,2008,0.0021
502,65,Cape Verde,2009,0.0021
503,65,Cape Verde,2010,0.0018
504,65,Cape Verde,2011,0.017
505,65,Cape Verde,2012,0.0272
506,65,Cape Verde,2013,0.0272
507,65,Cape Verde,2014,0.0272
508,65,Cape Verde,2015,0.0272
509,65,Cape Verde,2016,0.0272
510,65,Cape Verde,2017,0.0272
511,65,Cape Verde,2018,0.0278
512,65,Cape Verde,2019,0.0278
513,65,Cape Verde,2020,0.0278
514,65,Cape Verde,2021,0.0278
515,65,Cape Verde,2022,0.0278
516,66,Central America and the Caribbean (IRENA),2000,0.06231
517,66,Central America and the Caribbean (IRENA),2001,0.08211
518,66,Central America and the Caribbean (IRENA),2002,0.08541
519,66,Central America and the Caribbean (IRENA),2003,0.09981
520,66,Central America and the Caribbean (IRENA),2004,0.12161
521,66,Central America and the Caribbean (IRENA),2005,0.12331
522,66,Central America and the Caribbean (IRENA),2006,0.12521
523,66,Central America and the Caribbean (IRENA),2007,0.12434
524,66,Central America and the Caribbean (IRENA),2008,0.12953
525,66,Central America and the Caribbean (IRENA),2009,0.25883
526,66,Central America and the Caribbean (IRENA),2010,0.30446
527,66,Central America and the Caribbean (IRENA),2011,0.457215
528,66,Central America and the Caribbean (IRENA),2012,0.725915
529,66,Central America and the Caribbean (IRENA),2013,0.7969120000000001
530,66,Central America and the Caribbean (IRENA),2014,0.920232
531,66,Central America and the Caribbean (IRENA),2015,1.281542
532,66,Central America and the Caribbean (IRENA),2016,1.522662
533,66,Central America and the Caribbean (IRENA),2017,1.602632
534,66,Central America and the Caribbean (IRENA),2018,1.712126
535,66,Central America and the Caribbean (IRENA),2019,1.940477
536,66,Central America and the Caribbean (IRENA),2020,1.964804
537,66,Central America and the Caribbean (IRENA),2021,1.991604
538,66,Central America and the Caribbean (IRENA),2022,2.036154
539,67,Chad,2016,0.0011
540,67,Chad,2017,0.0011
541,67,Chad,2018,0.0011
542,67,Chad,2019,0.0011
543,67,Chad,2020,0.0011
544,67,Chad,2021,0.0011
545,67,Chad,2022,0.0011
546,68,Chile,2001,0.002
547,68,Chile,2002,0.002
548,68,Chile,2003,0.002
549,68,Chile,2004,0.002
550,68,Chile,2005,0.002
551,68,Chile,2006,0.002
552,68,Chile,2007,0.02
553,68,Chile,2008,0.02
554,68,Chile,2009,0.163
555,68,Chile,2010,0.163
556,68,Chile,2011,0.184
557,68,Chile,2012,0.202
558,68,Chile,2013,0.301
559,68,Chile,2014,0.736
560,68,Chile,2015,0.91
561,68,Chile,2016,1.039
562,68,Chile,2017,1.305
563,68,Chile,2018,1.524
564,68,Chile,2019,1.620074
565,68,Chile,2020,2.1489960000000004
566,68,Chile,2021,3.137006
567,68,Chile,2022,3.829679
568,11,China,2000,0.341
569,11,China,2001,0.383
570,11,China,2002,0.449
571,11,China,2003,0.547
572,11,China,2004,0.763
573,11,China,2005,1.06
574,11,China,2006,2.07
575,11,China,2007,4.2
576,11,China,2008,8.387728
577,11,China,2009,17.599408
578,11,China,2010,29.633479
579,11,China,2011,46.3546
580,11,China,2012,61.59687
581,11,China,2013,76.73053
582,11,China,2014,96.81913
583,11,China,2015,131.04773
584,11,China,2016,148.51689000000002
585,11,China,2017,164.37448
586,11,China,2018,184.66488
587,11,China,2019,209.5819
588,11,China,2020,282.11266
589,11,China,2021,328.97344
590,11,China,2022,365.9642
591,12,Colombia,2004,0.02
592,12,Colombia,2005,0.01
593,12,Colombia,2006,0.01842
594,12,Colombia,2007,0.01842
595,12,Colombia,2008,0.01842
596,12,Colombia,2009,0.01842
597,12,Colombia,2010,0.01842
598,12,Colombia,2011,0.01842
599,12,Colombia,2012,0.01842
600,12,Colombia,2013,0.01842
601,12,Colombia,2014,0.01842
602,12,Colombia,2015,0.01842
603,12,Colombia,2016,0.01842
604,12,Colombia,2017,0.01842
605,12,Colombia,2018,0.01842
606,12,Colombia,2019,0.01842
607,12,Colombia,2020,0.01842
608,12,Colombia,2021,0.01842
609,12,Colombia,2022,0.01842
610,69,Cook Islands,2003,4e-05
611,69,Cook Islands,2004,4e-05
612,69,Cook Islands,2005,4e-05
613,69,Cook Islands,2006,4e-05
614,69,Cook Islands,2007,4e-05
615,69,Cook Islands,2008,4e-05
616,69,Cook Islands,2009,4e-05
617,69,Cook Islands,2010,4e-05
618,69,Cook Islands,2011,4e-05
619,69,Cook Islands,2012,4e-05
620,69,Cook Islands,2013,4e-05
621,69,Cook Islands,2014,4e-05
622,69,Cook Islands,2015,4e-05
623,69,Cook Islands,2016,4e-05
624,69,Cook Islands,2017,4e-05
625,69,Cook Islands,2018,4e-05
626,69,Cook Islands,2019,4e-05
627,69,Cook Islands,2020,4e-05
628,69,Cook Islands,2021,4e-05
629,69,Cook Islands,2022,4e-05
630,70,Costa Rica,2000,0.0425
631,70,Costa Rica,2001,0.0623
632,70,Costa Rica,2002,0.0623
633,70,Costa Rica,2003,0.0686
634,70,Costa Rica,2004,0.0686
635,70,Costa Rica,2005,0.0686
636,70,Costa Rica,2006,0.0686
637,70,Costa Rica,2007,0.066
638,70,Costa Rica,2008,0.066
639,70,Costa Rica,2009,0.1155
640,70,Costa Rica,2010,0.1155
641,70,Costa Rica,2011,0.1283
642,70,Costa Rica,2012,0.1436
643,70,Costa Rica,2013,0.1436
644,70,Costa Rica,2014,0.1931
645,70,Costa Rica,2015,0.2721
646,70,Costa Rica,2016,0.3651
647,70,Costa Rica,2017,0.37782
648,70,Costa Rica,2018,0.4077699999999999
649,70,Costa Rica,2019,0.41092
650,70,Costa Rica,2020,0.39352
651,70,Costa Rica,2021,0.39352
652,70,Costa Rica,2022,0.39022
653,71,Croatia,2004,0.006
654,71,Croatia,2005,0.006
655,71,Croatia,2006,0.017
656,71,Croatia,2007,0.017
657,71,Croatia,2008,0.017
658,71,Croatia,2009,0.07
659,71,Croatia,2010,0.079
660,71,Croatia,2011,0.13
661,71,Croatia,2012,0.18
662,71,Croatia,2013,0.254
663,71,Croatia,2014,0.339
664,71,Croatia,2015,0.418
665,71,Croatia,2016,0.483
666,71,Croatia,2017,0.5761000000000001
667,71,Croatia,2018,0.5862999999999999
668,71,Croatia,2019,0.6463
669,71,Croatia,2020,0.8013
670,71,Croatia,2021,0.9869
671,71,Croatia,2022,1.0429000000000002
672,72,Cuba,2000,0.00045
673,72,Cuba,2001,0.00045
674,72,Cuba,2002,0.00045
675,72,Cuba,2003,0.00045
676,72,Cuba,2004,0.00045
677,72,Cuba,2005,0.00215
678,72,Cuba,2006,0.00215
679,72,Cuba,2007,0.00215
680,72,Cuba,2008,0.00725
681,72,Cuba,2009,0.00725
682,72,Cuba,2010,0.00725
683,72,Cuba,2011,0.01175
684,72,Cuba,2012,0.01175
685,72,Cuba,2013,0.01175
686,72,Cuba,2014,0.01175
687,72,Cuba,2015,0.01175
688,72,Cuba,2016,0.01175
689,72,Cuba,2017,0.01175
690,72,Cuba,2018,0.01175
691,72,Cuba,2019,0.01175
692,72,Cuba,2020,0.01175
693,72,Cuba,2021,0.01175
694,72,Cuba,2022,0.01175
695,73,Curacao,2000,0.012
696,73,Curacao,2001,0.012
697,73,Curacao,2002,0.012
698,73,Curacao,2003,0.012
699,73,Curacao,2004,0.012
700,73,Curacao,2005,0.012
701,73,Curacao,2006,0.012
702,73,Curacao,2007,0.012
703,73,Curacao,2008,0.012
704,73,Curacao,2009,0.012
705,73,Curacao,2010,0.012
706,73,Curacao,2011,0.012
707,73,Curacao,2012,0.03
708,73,Curacao,2013,0.03
709,73,Curacao,2014,0.03
710,73,Curacao,2015,0.03
711,73,Curacao,2016,0.03
712,73,Curacao,2017,0.04725
713,73,Curacao,2018,0.04725
714,73,Curacao,2019,0.04725
715,73,Curacao,2020,0.04725
716,73,Curacao,2021,0.04725
717,73,Curacao,2022,0.04725
718,74,Cyprus,2004,0.000225
719,74,Cyprus,2005,0.000225
720,74,Cyprus,2006,0.000225
721,74,Cyprus,2007,0.000225
722,74,Cyprus,2008,0.000225
723,74,Cyprus,2009,0.000225
724,74,Cyprus,2010,0.0822249999999999
725,74,Cyprus,2011,0.134225
726,74,Cyprus,2012,0.147225
727,74,Cyprus,2013,0.147225
728,74,Cyprus,2014,0.147225
729,74,Cyprus,2015,0.157725
730,74,Cyprus,2016,0.157725
731,74,Cyprus,2017,0.157725
732,74,Cyprus,2018,0.157725
733,74,Cyprus,2019,0.157725
734,74,Cyprus,2020,0.157725
735,74,Cyprus,2021,0.1575
736,74,Cyprus,2022,0.1575
737,75,Czechia,2000,0.002
738,75,Czechia,2001,0.0
739,75,Czechia,2002,0.0064
740,75,Czechia,2003,0.0106
741,75,Czechia,2004,0.0165
742,75,Czechia,2005,0.022
743,75,Czechia,2006,0.0435
744,75,Czechia,2007,0.1138
745,75,Czechia,2008,0.15
746,75,Czechia,2009,0.193
747,75,Czechia,2010,0.213
748,75,Czechia,2011,0.213
749,75,Czechia,2012,0.258
750,75,Czechia,2013,0.262
751,75,Czechia,2014,0.278
752,75,Czechia,2015,0.281
753,75,Czechia,2016,0.282
754,75,Czechia,2017,0.308205
755,75,Czechia,2018,0.3162
756,75,Czechia,2019,0.339414
757,75,Czechia,2020,0.339424
758,75,Czechia,2021,0.339414
759,75,Czechia,2022,0.339414
760,76,Denmark,2000,2.390015
761,76,Denmark,2001,2.497153
762,76,Denmark,2002,2.894531
763,76,Denmark,2003,3.1199160000000004
764,76,Denmark,2004,3.1237120000000003
765,76,Denmark,2005,3.127836
766,76,Denmark,2006,3.135696
767,76,Denmark,2007,3.124214
768,76,Denmark,2008,3.16287
769,76,Denmark,2009,3.482087
770,76,Denmark,2010,3.801829
771,76,Denmark,2011,3.951981
772,76,Denmark,2012,4.161941
773,76,Denmark,2013,4.818923
774,76,Denmark,2014,4.8864030000000005
775,76,Denmark,2015,5.0769660000000005
776,76,Denmark,2016,5.245142
777,76,Denmark,2017,5.488949
778,76,Denmark,2018,6.12266
779,76,Denmark,2019,6.110543
780,76,Denmark,2020,6.2670330000000005
781,76,Denmark,2021,7.020840000000001
782,76,Denmark,2022,7.08784
783,77,Djibouti,2021,0.02
784,77,Djibouti,2022,0.02
785,78,Dominica,2008,1e-05
786,78,Dominica,2009,1e-05
787,78,Dominica,2010,0.00024
788,78,Dominica,2011,0.00024
789,78,Dominica,2012,0.00024
790,78,Dominica,2013,0.00024
791,78,Dominica,2014,0.00024
792,78,Dominica,2015,0.00024
793,78,Dominica,2016,0.00024
794,78,Dominica,2017,0.00024
795,78,Dominica,2018,0.00024
796,78,Dominica,2019,0.00024
797,78,Dominica,2020,0.00024
798,78,Dominica,2021,0.00024
799,78,Dominica,2022,0.00024
800,79,Dominican Republic,2008,0.0
801,79,Dominican Republic,2009,0.0
802,79,Dominican Republic,2010,0.0
803,79,Dominican Republic,2011,0.03345
804,79,Dominican Republic,2012,0.08545
805,79,Dominican Republic,2013,0.08545
806,79,Dominican Republic,2014,0.08545
807,79,Dominican Republic,2015,0.08545
808,79,Dominican Republic,2016,0.13495
809,79,Dominican Republic,2017,0.13495
810,79,Dominican Republic,2018,0.18295
811,79,Dominican Republic,2019,0.36995
812,79,Dominican Republic,2020,0.3703
813,79,Dominican Republic,2021,0.3703
814,79,Dominican Republic,2022,0.41705
815,80,Ecuador,2007,0.0024
816,80,Ecuador,2008,0.0024
817,80,Ecuador,2009,0.0024
818,80,Ecuador,2010,0.0024
819,80,Ecuador,2011,0.0024
820,80,Ecuador,2012,0.0024
821,80,Ecuador,2013,0.0189
822,80,Ecuador,2014,0.02115
823,80,Ecuador,2015,0.02115
824,80,Ecuador,2016,0.02115
825,80,Ecuador,2017,0.02115
826,80,Ecuador,2018,0.02115
827,80,Ecuador,2019,0.02115
828,80,Ecuador,2020,0.02115
829,80,Ecuador,2021,0.02115
830,80,Ecuador,2022,0.02115
831,81,Egypt,2000,0.074
832,81,Egypt,2001,0.074
833,81,Egypt,2002,0.074
834,81,Egypt,2003,0.074
835,81,Egypt,2004,0.15
836,81,Egypt,2005,0.15
837,81,Egypt,2006,0.235
838,81,Egypt,2007,0.315
839,81,Egypt,2008,0.395
840,81,Egypt,2009,0.44
841,81,Egypt,2010,0.555
842,81,Egypt,2011,0.555
843,81,Egypt,2012,0.555
844,81,Egypt,2013,0.555
845,81,Egypt,2014,0.555
846,81,Egypt,2015,0.755
847,81,Egypt,2016,0.755
848,81,Egypt,2017,0.755
849,81,Egypt,2018,1.13
850,81,Egypt,2019,1.132
851,81,Egypt,2020,1.38
852,81,Egypt,2021,1.64
853,81,Egypt,2022,1.6425
854,82,El Salvador,2020,0.036
855,82,El Salvador,2021,0.054
856,82,El Salvador,2022,0.054
857,83,Eritrea,2007,0.000825
858,83,Eritrea,2008,0.000825
859,83,Eritrea,2009,0.000825
860,83,Eritrea,2010,0.000825
861,83,Eritrea,2011,0.000825
862,83,Eritrea,2012,0.000825
863,83,Eritrea,2013,0.000825
864,83,Eritrea,2014,0.000825
865,83,Eritrea,2015,0.000825
866,83,Eritrea,2016,0.000825
867,83,Eritrea,2017,0.000825
868,83,Eritrea,2018,0.000825
869,83,Eritrea,2019,0.000825
870,83,Eritrea,2020,0.000825
871,83,Eritrea,2021,0.000825
872,83,Eritrea,2022,0.000825
873,84,Estonia,2002,0.001
874,84,Estonia,2003,0.003
875,84,Estonia,2004,0.007
876,84,Estonia,2005,0.031
877,84,Estonia,2006,0.031
878,84,Estonia,2007,0.05
879,84,Estonia,2008,0.077
880,84,Estonia,2009,0.104
881,84,Estonia,2010,0.108
882,84,Estonia,2011,0.18
883,84,Estonia,2012,0.266
884,84,Estonia,2013,0.248
885,84,Estonia,2014,0.275
886,84,Estonia,2015,0.3
887,84,Estonia,2016,0.31
888,84,Estonia,2017,0.3118
889,84,Estonia,2018,0.31
890,84,Estonia,2019,0.316
891,84,Estonia,2020,0.317
892,84,Estonia,2021,0.315
893,84,Estonia,2022,0.315
894,85,Ethiopia,2011,0.081
895,85,Ethiopia,2012,0.081
896,85,Ethiopia,2013,0.171
897,85,Ethiopia,2014,0.171
898,85,Ethiopia,2015,0.324
899,85,Ethiopia,2016,0.3240059999999999
900,85,Ethiopia,2017,0.3240059999999999
901,85,Ethiopia,2018,0.3240059999999999
902,85,Ethiopia,2019,0.3240059999999999
903,85,Ethiopia,2020,0.3240059999999999
904,85,Ethiopia,2021,0.3240059999999999
905,85,Ethiopia,2022,0.404006
906,86,Eurasia (IRENA),2000,0.022
907,86,Eurasia (IRENA),2001,0.022
908,86,Eurasia (IRENA),2002,0.026
909,86,Eurasia (IRENA),2003,0.028
910,86,Eurasia (IRENA),2004,0.028
911,86,Eurasia (IRENA),2005,0.03364
912,86,Eurasia (IRENA),2006,0.07164
913,86,Eurasia (IRENA),2007,0.15864
914,86,Eurasia (IRENA),2008,0.37664
915,86,Eurasia (IRENA),2009,0.80664
916,86,Eurasia (IRENA),2010,1.33464
917,86,Eurasia (IRENA),2011,1.74364
918,86,Eurasia (IRENA),2012,2.27564
919,86,Eurasia (IRENA),2013,2.7753400000000004
920,86,Eurasia (IRENA),2014,3.64534
921,86,Eurasia (IRENA),2015,4.5245
922,86,Eurasia (IRENA),2016,5.800525
923,86,Eurasia (IRENA),2017,6.565675000000001
924,86,Eurasia (IRENA),2018,7.146211
925,86,Eurasia (IRENA),2019,7.782981
926,86,Eurasia (IRENA),2020,9.86762
927,86,Eurasia (IRENA),2021,12.65192
928,86,Eurasia (IRENA),2022,13.71212
929,13,Europe,2000,12.733915
930,13,Europe,2001,17.395934
931,13,Europe,2002,23.295111
932,13,Europe,2003,28.161945
933,13,Europe,2004,34.329367
934,13,Europe,2005,40.69429
935,13,Europe,2006,47.928902
936,13,Europe,2007,56.35081
937,13,Europe,2008,64.065293
938,13,Europe,2009,75.81754
939,13,Europe,2010,84.93001600000001
940,13,Europe,2011,94.72394
941,13,Europe,2012,107.20245
942,13,Europe,2013,118.179625
943,13,Europe,2014,130.2082
944,13,Europe,2015,143.0263
945,13,Europe,2016,155.73802
946,13,Europe,2017,170.62716
947,13,Europe,2018,181.839
948,13,Europe,2019,196.2056
949,13,Europe,2020,208.85566
950,13,Europe,2021,223.98916
951,13,Europe,2022,242.8417
952,87,Europe (IRENA),2000,12.730915
953,87,Europe (IRENA),2001,17.392934
954,87,Europe (IRENA),2002,23.288111
955,87,Europe (IRENA),2003,28.152945
956,87,Europe (IRENA),2004,34.320367
957,87,Europe (IRENA),2005,40.68429
958,87,Europe (IRENA),2006,47.9189
959,87,Europe (IRENA),2007,56.34081
960,87,Europe (IRENA),2008,64.055293
961,87,Europe (IRENA),2009,75.80753999999999
962,87,Europe (IRENA),2010,84.920016
963,87,Europe (IRENA),2011,94.71394
964,87,Europe (IRENA),2012,107.19245
965,87,Europe (IRENA),2013,118.169625
966,87,Europe (IRENA),2014,130.1982
967,87,Europe (IRENA),2015,143.0154
968,87,Europe (IRENA),2016,155.72710999999998
969,87,Europe (IRENA),2017,170.61627
970,87,Europe (IRENA),2018,181.7871
971,87,Europe (IRENA),2019,196.10369
972,87,Europe (IRENA),2020,207.91036
973,87,Europe (IRENA),2021,222.03416
974,87,Europe (IRENA),2022,240.6237
975,15,European Union (27),2000,12.304815
976,15,European Union (27),2001,16.852254000000002
977,15,European Union (27),2002,22.61523
978,15,European Union (27),2003,27.270016
979,15,European Union (27),2004,33.17813700000001
980,15,European Union (27),2005,38.79073
981,15,European Union (27),2006,45.621266000000006
982,15,European Union (27),2007,53.453727
983,15,European Union (27),2008,60.149215
984,15,European Union (27),2009,70.89045
985,15,European Union (27),2010,78.976336
986,15,European Union (27),2011,87.44586
987,15,European Union (27),2012,97.18437
988,15,European Union (27),2013,105.66655
989,15,European Union (27),2014,115.65852
990,15,European Union (27),2015,127.21668
991,15,European Union (27),2016,138.0188
992,15,European Union (27),2017,148.95628
993,15,European Union (27),2018,157.25548
994,15,European Union (27),2019,167.21097
995,15,European Union (27),2020,177.13212
996,15,European Union (27),2021,188.45284
997,15,European Union (27),2022,204.12202
998,88,Falkland Islands,2000,0.00026
999,88,Falkland Islands,2001,0.00026
1000,88,Falkland Islands,2002,0.00026
1001,88,Falkland Islands,2003,0.00026
1002,88,Falkland Islands,2004,0.00026
1003,88,Falkland Islands,2005,0.00026
1004,88,Falkland Islands,2006,0.00026
1005,88,Falkland Islands,2007,0.00125
1006,88,Falkland Islands,2008,0.00133
1007,88,Falkland Islands,2009,0.00133
1008,88,Falkland Islands,2010,0.00133
1009,88,Falkland Islands,2011,0.00133
1010,88,Falkland Islands,2012,0.00133
1011,88,Falkland Islands,2013,0.00133
1012,88,Falkland Islands,2014,0.00133
1013,88,Falkland Islands,2015,0.00133
1014,88,Falkland Islands,2016,0.00133
1015,88,Falkland Islands,2017,0.00133
1016,88,Falkland Islands,2018,0.00133
1017,88,Falkland Islands,2019,0.00331
1018,88,Falkland Islands,2020,0.00331
1019,88,Falkland Islands,2021,0.00331
1020,88,Falkland Islands,2022,0.00331
1021,89,Faroe Islands,2000,0.00015
1022,89,Faroe Islands,2001,0.00015
1023,89,Faroe Islands,2002,0.00015
1024,89,Faroe Islands,2003,0.00213
1025,89,Faroe Islands,2004,0.00213
1026,89,Faroe Islands,2005,0.00411
1027,89,Faroe Islands,2006,0.00411
1028,89,Faroe Islands,2007,0.00411
1029,89,Faroe Islands,2008,0.00411
1030,89,Faroe Islands,2009,0.00411
1031,89,Faroe Islands,2010,0.00411
1032,89,Faroe Islands,2011,0.00411
1033,89,Faroe Islands,2012,0.00861
1034,89,Faroe Islands,2013,0.00861
1035,89,Faroe Islands,2014,0.0203099999999999
1036,89,Faroe Islands,2015,0.0203099999999999
1037,89,Faroe Islands,2016,0.0203099999999999
1038,89,Faroe Islands,2017,0.0203099999999999
1039,89,Faroe Islands,2018,0.01635
1040,89,Faroe Islands,2019,0.01275
1041,89,Faroe Islands,2020,0.01905
1042,89,Faroe Islands,2021,0.0225
1043,89,Faroe Islands,2022,0.0225
1044,90,Fiji,2000,6e-05
1045,90,Fiji,2001,6e-05
1046,90,Fiji,2002,6e-05
1047,90,Fiji,2003,6e-05
1048,90,Fiji,2004,0.0
1049,90,Fiji,2005,0.0
1050,90,Fiji,2006,0.0
1051,90,Fiji,2007,0.010175
1052,90,Fiji,2008,0.010175
1053,90,Fiji,2009,0.010175
1054,90,Fiji,2010,0.010175
1055,90,Fiji,2011,0.010175
1056,90,Fiji,2012,0.010175
1057,90,Fiji,2013,0.010175
1058,90,Fiji,2014,0.010175
1059,90,Fiji,2015,0.010175
1060,90,Fiji,2016,0.010175
1061,90,Fiji,2017,0.010175
1062,90,Fiji,2018,0.010175
1063,90,Fiji,2019,0.010175
1064,90,Fiji,2020,0.010175
1065,90,Fiji,2021,0.010175
1066,90,Fiji,2022,0.010175
1067,16,Finland,2000,0.038
1068,16,Finland,2001,0.039
1069,16,Finland,2002,0.043
1070,16,Finland,2003,0.052
1071,16,Finland,2004,0.082
1072,16,Finland,2005,0.082
1073,16,Finland,2006,0.086
1074,16,Finland,2007,0.11
1075,16,Finland,2008,0.143
1076,16,Finland,2009,0.147
1077,16,Finland,2010,0.197
1078,16,Finland,2011,0.199
1079,16,Finland,2012,0.257
1080,16,Finland,2013,0.447
1081,16,Finland,2014,0.627
1082,16,Finland,2015,1.005
1083,16,Finland,2016,1.565
1084,16,Finland,2017,2.044
1085,16,Finland,2018,2.041
1086,16,Finland,2019,2.2840000000000003
1087,16,Finland,2020,2.586
1088,16,Finland,2021,3.257
1089,16,Finland,2022,5.614
1090,17,France,2000,0.038
1091,17,France,2001,0.066
1092,17,France,2002,0.138
1093,17,France,2003,0.218
1094,17,France,2004,0.358
1095,17,France,2005,0.6900000000000001
1096,17,France,2006,1.412
1097,17,France,2007,2.223
1098,17,France,2008,3.403
1099,17,France,2009,4.582
1100,17,France,2010,5.912
1101,17,France,2011,6.758016
1102,17,France,2012,7.607496
1103,17,France,2013,8.155961
1104,17,France,2014,9.201425
1105,17,France,2015,10.298177
1106,17,France,2016,11.566562
1107,17,France,2017,13.499352000000002
1108,17,France,2018,14.900143
1109,17,France,2019,16.426852
1110,17,France,2020,17.513998
1111,17,France,2021,18.739979
1112,17,France,2022,21.119979
1113,91,French Polynesia,2000,0.00012
1114,91,French Polynesia,2001,0.00012
1115,91,French Polynesia,2002,0.00012
1116,91,French Polynesia,2003,0.00012
1117,91,French Polynesia,2004,0.000135
1118,91,French Polynesia,2005,0.000135
1119,91,French Polynesia,2006,0.000135
1120,91,French Polynesia,2007,0.000158
1121,91,French Polynesia,2008,0.000368
1122,91,French Polynesia,2009,0.000368
1123,91,French Polynesia,2010,0.000248
1124,91,French Polynesia,2011,0.000248
1125,91,French Polynesia,2012,0.000248
1126,91,French Polynesia,2013,0.000248
1127,91,French Polynesia,2014,0.000248
1128,91,French Polynesia,2015,0.000248
1129,91,French Polynesia,2016,0.000248
1130,91,French Polynesia,2017,0.000248
1131,91,French Polynesia,2018,0.000248
1132,91,French Polynesia,2019,0.000248
1133,91,French Polynesia,2020,0.000248
1134,91,French Polynesia,2021,0.000248
1135,91,French Polynesia,2022,0.000248
1136,92,Gambia,2009,0.00015
1137,92,Gambia,2010,0.00015
1138,92,Gambia,2011,0.00015
1139,92,Gambia,2012,0.00105
1140,92,Gambia,2013,0.00105
1141,92,Gambia,2014,0.001214
1142,92,Gambia,2015,0.001214
1143,92,Gambia,2016,0.001214
1144,92,Gambia,2017,0.001214
1145,92,Gambia,2018,0.001214
1146,92,Gambia,2019,0.001214
1147,92,Gambia,2020,0.001214
1148,92,Gambia,2021,0.001214
1149,92,Gambia,2022,0.001214
1150,93,Georgia,2016,0.02
1151,93,Georgia,2017,0.02
1152,93,Georgia,2018,0.02
1153,93,Georgia,2019,0.021
1154,93,Georgia,2020,0.021
1155,93,Georgia,2021,0.021
1156,93,Georgia,2022,0.029
1157,18,Germany,2000,6.095
1158,18,Germany,2001,8.754
1159,18,Germany,2002,12.001
1160,18,Germany,2003,14.381
1161,18,Germany,2004,16.419
1162,18,Germany,2005,18.248
1163,18,Germany,2006,20.474
1164,18,Germany,2007,22.116
1165,18,Germany,2008,22.794
1166,18,Germany,2009,25.732
1167,18,Germany,2010,26.903
1168,18,Germany,2011,28.712
1169,18,Germany,2012,30.979
1170,18,Germany,2013,33.477000000000004
1171,18,Germany,2014,38.614
1172,18,Germany,2015,44.58
1173,18,Germany,2016,49.435
1174,18,Germany,2017,55.58
1175,18,Germany,2018,58.721
1176,18,Germany,2019,60.742
1177,18,Germany,2020,62.201
1178,18,Germany,2021,63.833
1179,18,Germany,2022,66.315
1180,94,Ghana,2015,2e-05
1181,94,Ghana,2016,2e-05
1182,94,Ghana,2017,2e-05
1183,94,Ghana,2018,2e-05
1184,94,Ghana,2019,2e-05
1185,94,Ghana,2020,2e-05
1186,94,Ghana,2021,2e-05
1187,94,Ghana,2022,2e-05
1188,95,Greece,2000,0.226
1189,95,Greece,2001,0.27
1190,95,Greece,2002,0.287
1191,95,Greece,2003,0.371
1192,95,Greece,2004,0.47
1193,95,Greece,2005,0.491
1194,95,Greece,2006,0.749
1195,95,Greece,2007,0.846
1196,95,Greece,2008,1.022
1197,95,Greece,2009,1.171
1198,95,Greece,2010,1.298
1199,95,Greece,2011,1.64
1200,95,Greece,2012,1.753
1201,95,Greece,2013,1.809
1202,95,Greece,2014,1.978
1203,95,Greece,2015,2.091
1204,95,Greece,2016,2.37
1205,95,Greece,2017,2.624
1206,95,Greece,2018,2.877495
1207,95,Greece,2019,3.589
1208,95,Greece,2020,4.11925
1209,95,Greece,2021,4.64913
1210,95,Greece,2022,4.87913
1211,96,Greenland,2018,5e-05
1212,96,Greenland,2019,5e-05
1213,96,Greenland,2020,5e-05
1214,96,Greenland,2021,5e-05
1215,96,Greenland,2022,5e-05
1216,97,Grenada,2007,0.0
1217,97,Grenada,2008,8e-05
1218,97,Grenada,2009,8e-05
1219,97,Grenada,2010,8e-05
1220,97,Grenada,2011,8e-05
1221,97,Grenada,2012,8e-05
1222,97,Grenada,2013,8e-05
1223,97,Grenada,2014,8e-05
1224,97,Grenada,2015,8e-05
1225,97,Grenada,2016,8e-05
1226,97,Grenada,2017,8e-05
1227,97,Grenada,2018,8e-05
1228,97,Grenada,2019,8e-05
1229,97,Grenada,2020,8e-05
1230,97,Grenada,2021,8e-05
1231,97,Grenada,2022,8e-05
1232,98,Guadeloupe,2000,0.0073
1233,98,Guadeloupe,2001,0.0073
1234,98,Guadeloupe,2002,0.0106
1235,98,Guadeloupe,2003,0.0187
1236,98,Guadeloupe,2004,0.0187
1237,98,Guadeloupe,2005,0.0187
1238,98,Guadeloupe,2006,0.0206
1239,98,Guadeloupe,2007,0.022
1240,98,Guadeloupe,2008,0.022
1241,98,Guadeloupe,2009,0.022
1242,98,Guadeloupe,2010,0.0234
1243,98,Guadeloupe,2011,0.0234
1244,98,Guadeloupe,2012,0.0234
1245,98,Guadeloupe,2013,0.0234
1246,98,Guadeloupe,2014,0.0234
1247,98,Guadeloupe,2015,0.027
1248,98,Guadeloupe,2016,0.0264
1249,98,Guadeloupe,2017,0.0264
1250,98,Guadeloupe,2018,0.0264
1251,98,Guadeloupe,2019,0.0424
1252,98,Guadeloupe,2020,0.041675
1253,98,Guadeloupe,2021,0.051575
1254,98,Guadeloupe,2022,0.051575
1255,99,Guam,2016,0.000275
1256,99,Guam,2017,0.000275
1257,99,Guam,2018,0.000275
1258,99,Guam,2019,0.000275
1259,99,Guam,2020,0.000275
1260,99,Guam,2021,0.000275
1261,99,Guam,2022,0.000275
1262,100,Guatemala,2015,0.0759
1263,100,Guatemala,2016,0.0759
1264,100,Guatemala,2017,0.0759
1265,100,Guatemala,2018,0.1074
1266,100,Guatemala,2019,0.1074
1267,100,Guatemala,2020,0.1074
1268,100,Guatemala,2021,0.1074
1269,100,Guatemala,2022,0.1074
1270,101,Guyana,2000,1e-05
1271,101,Guyana,2001,1e-05
1272,101,Guyana,2002,1e-05
1273,101,Guyana,2003,1e-05
1274,101,Guyana,2004,1e-05
1275,101,Guyana,2005,1e-05
1276,101,Guyana,2006,1e-05
1277,101,Guyana,2007,1e-05
1278,101,Guyana,2008,1e-05
1279,101,Guyana,2009,1e-05
1280,101,Guyana,2010,1e-05
1281,101,Guyana,2011,1e-05
1282,101,Guyana,2012,1e-05
1283,101,Guyana,2013,3e-05
1284,101,Guyana,2014,4e-05
1285,101,Guyana,2015,8e-05
1286,101,Guyana,2016,8e-05
1287,101,Guyana,2017,8e-05
1288,101,Guyana,2018,8e-05
1289,101,Guyana,2019,8e-05
1290,101,Guyana,2020,8e-05
1291,101,Guyana,2021,8e-05
1292,101,Guyana,2022,8e-05
1293,102,Haiti,2018,2.4e-05
1294,102,Haiti,2019,2.4e-05
1295,102,Haiti,2020,2.4e-05
1296,102,Haiti,2021,2.4e-05
1297,102,Haiti,2022,2.4e-05
1298,19,High-income countries,2000,15.3734
1299,19,High-income countries,2001,21.672418
1300,19,High-income countries,2002,28.303836
1301,19,High-income countries,2003,35.24767
1302,19,High-income countries,2004,42.540266
1303,19,High-income countries,2005,52.282
1304,19,High-income countries,2006,63.68654
1305,19,High-income countries,2007,78.1297
1306,19,High-income countries,2008,95.002125
1307,19,High-income countries,2009,118.18172
1308,19,High-income countries,2010,133.50528
1309,19,High-income countries,2011,151.51616
1310,19,High-income countries,2012,179.15661
1311,19,High-income countries,2013,193.39
1312,19,High-income countries,2014,213.02962
1313,19,High-income countries,2015,237.11988
1314,19,High-income countries,2016,260.62428
1315,19,High-income countries,2017,283.42872
1316,19,High-income countries,2018,302.73797
1317,19,High-income countries,2019,327.55394
1318,19,High-income countries,2020,357.7563
1319,19,High-income countries,2021,388.1939
1320,19,High-income countries,2022,418.30888
1321,103,Honduras,2011,0.102
1322,103,Honduras,2012,0.102
1323,103,Honduras,2013,0.152
1324,103,Honduras,2014,0.152
1325,103,Honduras,2015,0.1559
1326,103,Honduras,2016,0.1789
1327,103,Honduras,2017,0.2289
1328,103,Honduras,2018,0.2289
1329,103,Honduras,2019,0.2389
1330,103,Honduras,2020,0.2389
1331,103,Honduras,2021,0.2389
1332,103,Honduras,2022,0.2389
1333,104,Hong Kong,2017,0.000803
1334,104,Hong Kong,2018,0.000803
1335,104,Hong Kong,2019,0.000803
1336,104,Hong Kong,2020,0.000803
1337,104,Hong Kong,2021,0.000803
1338,104,Hong Kong,2022,0.000803
1339,105,Hungary,2001,0.001
1340,105,Hungary,2002,0.001
1341,105,Hungary,2003,0.003
1342,105,Hungary,2004,0.003
1343,105,Hungary,2005,0.017
1344,105,Hungary,2006,0.033
1345,105,Hungary,2007,0.061
1346,105,Hungary,2008,0.134
1347,105,Hungary,2009,0.203
1348,105,Hungary,2010,0.293
1349,105,Hungary,2011,0.331
1350,105,Hungary,2012,0.325
1351,105,Hungary,2013,0.329
1352,105,Hungary,2014,0.329
1353,105,Hungary,2015,0.329
1354,105,Hungary,2016,0.329
1355,105,Hungary,2017,0.329
1356,105,Hungary,2018,0.329
1357,105,Hungary,2019,0.323
1358,105,Hungary,2020,0.323
1359,105,Hungary,2021,0.324
1360,105,Hungary,2022,0.324
1361,106,Iceland,2013,0.002
1362,106,Iceland,2014,0.003
1363,106,Iceland,2015,0.003
1364,106,Iceland,2016,0.003
1365,106,Iceland,2017,0.00243
1366,106,Iceland,2018,0.0024
1367,106,Iceland,2019,0.0024
1368,106,Iceland,2020,0.0018
1369,106,Iceland,2021,0.0018
1370,106,Iceland,2022,0.0018
1371,20,India,2000,0.941
1372,20,India,2001,1.563
1373,20,India,2002,1.606
1374,20,India,2003,2.461
1375,20,India,2004,3.813
1376,20,India,2005,4.4339
1377,20,India,2006,6.315
1378,20,India,2007,7.84452
1379,20,India,2008,10.2425
1380,20,India,2009,10.925
1381,20,India,2010,13.184
1382,20,India,2011,16.179000000000002
1383,20,India,2012,17.2997
1384,20,India,2013,18.4204
1385,20,India,2014,22.4653
1386,20,India,2015,25.08819
1387,20,India,2016,28.70044
1388,20,India,2017,32.84846
1389,20,India,2018,35.2881
1390,20,India,2019,37.50518
1391,20,India,2020,38.5586
1392,20,India,2021,40.067266
1393,20,India,2022,41.92978
1394,21,Indonesia,2007,0.0001
1395,21,Indonesia,2008,0.00026
1396,21,Indonesia,2009,0.00106
1397,21,Indonesia,2010,0.00034
1398,21,Indonesia,2011,0.00093
1399,21,Indonesia,2012,0.00093
1400,21,Indonesia,2013,0.00063
1401,21,Indonesia,2014,0.00112
1402,21,Indonesia,2015,0.00146
1403,21,Indonesia,2016,0.00146
1404,21,Indonesia,2017,0.00146
1405,21,Indonesia,2018,0.14351
1406,21,Indonesia,2019,0.15431
1407,21,Indonesia,2020,0.15431
1408,21,Indonesia,2021,0.15431
1409,21,Indonesia,2022,0.15431
1410,107,Iran,2000,0.011
1411,107,Iran,2001,0.011
1412,107,Iran,2002,0.012
1413,107,Iran,2003,0.016
1414,107,Iran,2004,0.0249
1415,107,Iran,2005,0.037
1416,107,Iran,2006,0.047
1417,107,Iran,2007,0.063
1418,107,Iran,2008,0.063
1419,107,Iran,2009,0.092
1420,107,Iran,2010,0.095
1421,107,Iran,2011,0.0982099999999999
1422,107,Iran,2012,0.10613
1423,107,Iran,2013,0.10763
1424,107,Iran,2014,0.14878
1425,107,Iran,2015,0.15344
1426,107,Iran,2016,0.19094
1427,107,Iran,2017,0.259
1428,107,Iran,2018,0.282
1429,107,Iran,2019,0.30492
1430,107,Iran,2020,0.3080799999999999
1431,107,Iran,2021,0.3102
1432,107,Iran,2022,0.342
1433,108,Ireland,2000,0.1165
1434,108,Ireland,2001,0.1229
1435,108,Ireland,2002,0.1348
1436,108,Ireland,2003,0.2103
1437,108,Ireland,2004,0.3364
1438,108,Ireland,2005,0.4933
1439,108,Ireland,2006,0.6765
1440,108,Ireland,2007,0.7405
1441,108,Ireland,2008,0.9423
1442,108,Ireland,2009,1.2513
1443,108,Ireland,2010,1.3904
1444,108,Ireland,2011,1.5846
1445,108,Ireland,2012,1.70435
1446,108,Ireland,2013,1.9233
1447,108,Ireland,2014,2.28325
1448,108,Ireland,2015,2.45115
1449,108,Ireland,2016,2.80165
1450,108,Ireland,2017,3.31915
1451,108,Ireland,2018,3.67385
1452,108,Ireland,2019,4.12645
1453,108,Ireland,2020,4.3067
1454,108,Ireland,2021,4.339041
1455,108,Ireland,2022,4.619041
1456,109,Israel,2002,0.006
1457,109,Israel,2003,0.006
1458,109,Israel,2004,0.006
1459,109,Israel,2005,0.006
1460,109,Israel,2006,0.006
1461,109,Israel,2007,0.006
1462,109,Israel,2008,0.006
1463,109,Israel,2009,0.006
1464,109,Israel,2010,0.006
1465,109,Israel,2011,0.006
1466,109,Israel,2012,0.006
1467,109,Israel,2013,0.006
1468,109,Israel,2014,0.006
1469,109,Israel,2015,0.006
1470,109,Israel,2016,0.02725
1471,109,Israel,2017,0.02725
1472,109,Israel,2018,0.02725
1473,109,Israel,2019,0.02725
1474,109,Israel,2020,0.02725
1475,109,Israel,2021,0.02725
1476,109,Israel,2022,0.02725
1477,22,Italy,2000,0.363
1478,22,Italy,2001,0.664
1479,22,Italy,2002,0.78
1480,22,Italy,2003,0.874
1481,22,Italy,2004,1.127
1482,22,Italy,2005,1.635
1483,22,Italy,2006,1.902
1484,22,Italy,2007,2.702
1485,22,Italy,2008,3.525
1486,22,Italy,2009,4.879
1487,22,Italy,2010,5.7940000000000005
1488,22,Italy,2011,6.918
1489,22,Italy,2012,8.102
1490,22,Italy,2013,8.542
1491,22,Italy,2014,8.683
1492,22,Italy,2015,9.137
1493,22,Italy,2016,9.384
1494,22,Italy,2017,9.736578
1495,22,Italy,2018,10.230246
1496,22,Italy,2019,10.67946
1497,22,Italy,2020,10.870622
1498,22,Italy,2021,11.253733
1499,22,Italy,2022,11.779733
1500,110,Jamaica,2004,0.0207
1501,110,Jamaica,2005,0.0207
1502,110,Jamaica,2006,0.0207
1503,110,Jamaica,2007,0.0207
1504,110,Jamaica,2008,0.0207
1505,110,Jamaica,2009,0.0207
1506,110,Jamaica,2010,0.0389
1507,110,Jamaica,2011,0.0389
1508,110,Jamaica,2012,0.0389
1509,110,Jamaica,2013,0.0389
1510,110,Jamaica,2014,0.0389
1511,110,Jamaica,2015,0.0389
1512,110,Jamaica,2016,0.099
1513,110,Jamaica,2017,0.099
1514,110,Jamaica,2018,0.099
1515,110,Jamaica,2019,0.099
1516,110,Jamaica,2020,0.099
1517,110,Jamaica,2021,0.099
1518,110,Jamaica,2022,0.099
1519,111,Japan,2000,0.084
1520,111,Japan,2001,0.175
1521,111,Japan,2002,0.277
1522,111,Japan,2003,0.508
1523,111,Japan,2004,0.769
1524,111,Japan,2005,1.227
1525,111,Japan,2006,1.805
1526,111,Japan,2007,1.527
1527,111,Japan,2008,1.756
1528,111,Japan,2009,1.997
1529,111,Japan,2010,2.294
1530,111,Japan,2011,2.419
1531,111,Japan,2012,2.562
1532,111,Japan,2013,2.646
1533,111,Japan,2014,2.753
1534,111,Japan,2015,2.8080000000000003
1535,111,Japan,2016,3.247
1536,111,Japan,2017,3.483
1537,111,Japan,2018,3.498
1538,111,Japan,2019,3.954
1539,111,Japan,2020,4.367
1540,111,Japan,2021,4.4670000000000005
1541,111,Japan,2022,4.577
1542,112,Jordan,2000,0.0014
1543,112,Jordan,2001,0.0014
1544,112,Jordan,2002,0.0014
1545,112,Jordan,2003,0.0014
1546,112,Jordan,2004,0.0014
1547,112,Jordan,2005,0.0014
1548,112,Jordan,2006,0.0014
1549,112,Jordan,2007,0.0014
1550,112,Jordan,2008,0.0014
1551,112,Jordan,2009,0.0014
1552,112,Jordan,2010,0.0014
1553,112,Jordan,2011,0.0014
1554,112,Jordan,2012,0.0014
1555,112,Jordan,2013,0.0014
1556,112,Jordan,2014,0.0014
1557,112,Jordan,2015,0.1184
1558,112,Jordan,2016,0.1984
1559,112,Jordan,2017,0.1984
1560,112,Jordan,2018,0.2804
1561,112,Jordan,2019,0.373
1562,112,Jordan,2020,0.51801
1563,112,Jordan,2021,0.62151
1564,112,Jordan,2022,0.6140100000000001
1565,113,Kazakhstan,2012,0.0015
1566,113,Kazakhstan,2013,0.004
1567,113,Kazakhstan,2014,0.05281
1568,113,Kazakhstan,2015,0.071755
1569,113,Kazakhstan,2016,0.09816
1570,113,Kazakhstan,2017,0.1124
1571,113,Kazakhstan,2018,0.12145
1572,113,Kazakhstan,2019,0.2838
1573,113,Kazakhstan,2020,0.4863
1574,113,Kazakhstan,2021,0.6839500000000001
1575,113,Kazakhstan,2022,1.10775
1576,114,Kenya,2000,0.0004
1577,114,Kenya,2001,0.0004
1578,114,Kenya,2002,0.0004
1579,114,Kenya,2003,0.0004
1580,114,Kenya,2004,0.0004
1581,114,Kenya,2005,0.0004
1582,114,Kenya,2006,0.0004
1583,114,Kenya,2007,0.0004
1584,114,Kenya,2008,0.0004
1585,114,Kenya,2009,0.0004
1586,114,Kenya,2010,0.00565
1587,114,Kenya,2011,0.00565
1588,114,Kenya,2012,0.00565
1589,114,Kenya,2013,0.00565
1590,114,Kenya,2014,0.00585
1591,114,Kenya,2015,0.0261
1592,114,Kenya,2016,0.0261
1593,114,Kenya,2017,0.02621
1594,114,Kenya,2018,0.3361
1595,114,Kenya,2019,0.3361
1596,114,Kenya,2020,0.3361
1597,114,Kenya,2021,0.4361
1598,114,Kenya,2022,0.4361
1599,115,Kosovo,2010,0.001
1600,115,Kosovo,2011,0.001
1601,115,Kosovo,2012,0.001
1602,115,Kosovo,2013,0.001
1603,115,Kosovo,2014,0.001
1604,115,Kosovo,2015,0.001
1605,115,Kosovo,2016,0.001
1606,115,Kosovo,2017,0.03375
1607,115,Kosovo,2018,0.03375
1608,115,Kosovo,2019,0.03375
1609,115,Kosovo,2020,0.03375
1610,115,Kosovo,2021,0.13875
1611,115,Kosovo,2022,0.13875
1612,116,Kuwait,2013,0.0024
1613,116,Kuwait,2014,0.0024
1614,116,Kuwait,2015,0.0024
1615,116,Kuwait,2016,0.0024
1616,116,Kuwait,2017,0.0124
1617,116,Kuwait,2018,0.0124
1618,116,Kuwait,2019,0.0124
1619,116,Kuwait,2020,0.0124
1620,116,Kuwait,2021,0.0124
1621,116,Kuwait,2022,0.0124
1622,117,Latvia,2000,0.002
1623,117,Latvia,2001,0.002
1624,117,Latvia,2002,0.022
1625,117,Latvia,2003,0.026
1626,117,Latvia,2004,0.026
1627,117,Latvia,2005,0.026
1628,117,Latvia,2006,0.026
1629,117,Latvia,2007,0.026
1630,117,Latvia,2008,0.028
1631,117,Latvia,2009,0.029
1632,117,Latvia,2010,0.03
1633,117,Latvia,2011,0.036
1634,117,Latvia,2012,0.059
1635,117,Latvia,2013,0.0658919999999999
1636,117,Latvia,2014,0.068915
1637,117,Latvia,2015,0.068165
1638,117,Latvia,2016,0.069905
1639,117,Latvia,2017,0.077105
1640,117,Latvia,2018,0.078172
1641,117,Latvia,2019,0.078072
1642,117,Latvia,2020,0.078072
1643,117,Latvia,2021,0.077129
1644,117,Latvia,2022,0.136129
1645,118,Lebanon,2012,0.0005
1646,118,Lebanon,2013,0.002
1647,118,Lebanon,2014,0.003
1648,118,Lebanon,2015,0.003
1649,118,Lebanon,2016,0.003
1650,118,Lebanon,2017,0.003
1651,118,Lebanon,2018,0.003
1652,118,Lebanon,2019,0.003
1653,118,Lebanon,2020,0.003
1654,118,Lebanon,2021,0.003
1655,118,Lebanon,2022,0.003
1656,119,Lithuania,2004,0.001
1657,119,Lithuania,2005,0.001
1658,119,Lithuania,2006,0.031
1659,119,Lithuania,2007,0.047
1660,119,Lithuania,2008,0.054
1661,119,Lithuania,2009,0.098
1662,119,Lithuania,2010,0.133
1663,119,Lithuania,2011,0.202
1664,119,Lithuania,2012,0.275
1665,119,Lithuania,2013,0.279
1666,119,Lithuania,2014,0.288
1667,119,Lithuania,2015,0.436
1668,119,Lithuania,2016,0.509
1669,119,Lithuania,2017,0.518
1670,119,Lithuania,2018,0.533
1671,119,Lithuania,2019,0.534
1672,119,Lithuania,2020,0.54
1673,119,Lithuania,2021,0.671
1674,119,Lithuania,2022,0.8140000000000001
1675,120,Low-income countries,2004,0.0006
1676,120,Low-income countries,2005,0.0006
1677,120,Low-income countries,2006,0.0006
1678,120,Low-income countries,2007,0.0014399999999999
1679,120,Low-income countries,2008,0.00164
1680,120,Low-income countries,2009,0.00187
1681,120,Low-income countries,2010,0.001947
1682,120,Low-income countries,2011,0.082951996
1683,120,Low-income countries,2012,0.086152
1684,120,Low-income countries,2013,0.17615201
1685,120,Low-income countries,2014,0.17631601
1686,120,Low-income countries,2015,0.329916
1687,120,Low-income countries,2016,0.331022
1688,120,Low-income countries,2017,0.33247202
1689,120,Low-income countries,2018,0.33247202
1690,120,Low-income countries,2019,0.33247202
1691,120,Low-income countries,2020,0.33247202
1692,120,Low-income countries,2021,0.33247202
1693,120,Low-income countries,2022,0.41247202
1694,23,Lower-middle-income countries,2000,1.099055
1695,23,Lower-middle-income countries,2001,1.752292
1696,23,Lower-middle-income countries,2002,1.808392
1697,23,Lower-middle-income countries,2003,2.6848699000000003
1698,23,Lower-middle-income countries,2004,4.1384897
1699,23,Lower-middle-income countries,2005,4.80969
1700,23,Lower-middle-income countries,2006,6.786393
1701,23,Lower-middle-income countries,2007,8.477863
1702,23,Lower-middle-income countries,2008,10.968328
1703,23,Lower-middle-income countries,2009,11.917598
1704,23,Lower-middle-income countries,2010,14.377277
1705,23,Lower-middle-income countries,2011,17.595277
1706,23,Lower-middle-income countries,2012,19.122795
1707,23,Lower-middle-income countries,2013,20.807965
1708,23,Lower-middle-income countries,2014,25.879967
1709,23,Lower-middle-income countries,2015,29.056428
1710,23,Lower-middle-income countries,2016,33.176617
1711,23,Lower-middle-income countries,2017,37.883688
1712,23,Lower-middle-income countries,2018,41.931184
1713,23,Lower-middle-income countries,2019,45.090062
1714,23,Lower-middle-income countries,2020,47.08477
1715,23,Lower-middle-income countries,2021,53.26165
1716,23,Lower-middle-income countries,2022,55.857066
1717,121,Luxembourg,2000,0.014
1718,121,Luxembourg,2001,0.0139
1719,121,Luxembourg,2002,0.0139
1720,121,Luxembourg,2003,0.0205
1721,121,Luxembourg,2004,0.0349
1722,121,Luxembourg,2005,0.0349
1723,121,Luxembourg,2006,0.0349
1724,121,Luxembourg,2007,0.0349
1725,121,Luxembourg,2008,0.042915
1726,121,Luxembourg,2009,0.04293
1727,121,Luxembourg,2010,0.0437269999999999
1728,121,Luxembourg,2011,0.044527
1729,121,Luxembourg,2012,0.058327
1730,121,Luxembourg,2013,0.058327
1731,121,Luxembourg,2014,0.058342
1732,121,Luxembourg,2015,0.063794
1733,121,Luxembourg,2016,0.119694
1734,121,Luxembourg,2017,0.119694
1735,121,Luxembourg,2018,0.122894
1736,121,Luxembourg,2019,0.135794
1737,121,Luxembourg,2020,0.152744
1738,121,Luxembourg,2021,0.1364439999999999
1739,121,Luxembourg,2022,0.1654439999999999
1740,122,Madagascar,2007,1.5e-05
1741,122,Madagascar,2008,1.5e-05
1742,122,Madagascar,2009,9.5e-05
1743,122,Madagascar,2010,0.0001719999999999
1744,122,Madagascar,2011,0.000177
1745,122,Madagascar,2012,0.000177
1746,122,Madagascar,2013,0.000177
1747,122,Madagascar,2014,0.000177
1748,122,Madagascar,2015,0.000177
1749,122,Madagascar,2016,0.000177
1750,122,Madagascar,2017,0.000177
1751,122,Madagascar,2018,0.000177
1752,122,Madagascar,2019,0.000177
1753,122,Madagascar,2020,0.000177
1754,122,Madagascar,2021,0.000177
1755,122,Madagascar,2022,0.000177
1756,123,Maldives,2008,0.001407
1757,123,Maldives,2009,0.001407
1758,123,Maldives,2010,0.001407
1759,123,Maldives,2011,0.001407
1760,123,Maldives,2012,0.001407
1761,123,Maldives,2013,0.001407
1762,123,Maldives,2014,0.001407
1763,123,Maldives,2015,0.001407
1764,123,Maldives,2016,0.001407
1765,123,Maldives,2017,0.001407
1766,123,Maldives,2018,0.001407
1767,123,Maldives,2019,0.001407
1768,123,Maldives,2020,0.001407
1769,123,Maldives,2021,0.001407
1770,123,Maldives,2022,0.001407
1771,124,Malta,2012,0.0001
1772,124,Malta,2013,0.0001
1773,124,Malta,2014,0.0001
1774,124,Malta,2015,7e-05
1775,124,Malta,2016,0.0001
1776,124,Malta,2017,0.0001
1777,124,Malta,2018,0.0001
1778,124,Malta,2019,0.0001
1779,124,Malta,2020,0.0001
1780,124,Malta,2021,0.0001
1781,124,Malta,2022,0.0001
1782,125,Marshall Islands,2018,1e-06
1783,125,Marshall Islands,2019,1e-06
1784,125,Marshall Islands,2020,1e-06
1785,125,Marshall Islands,2021,1e-06
1786,125,Marshall Islands,2022,1e-06
1787,126,Martinique,2004,0.0011
1788,126,Martinique,2005,0.0011
1789,126,Martinique,2006,0.0011
1790,126,Martinique,2007,0.0011
1791,126,Martinique,2008,0.0011
1792,126,Martinique,2009,0.0011
1793,126,Martinique,2010,0.0011
1794,126,Martinique,2011,0.0011
1795,126,Martinique,2012,0.0011
1796,126,Martinique,2013,0.0011
1797,126,Martinique,2014,0.0011
1798,126,Martinique,2015,0.0011
1799,126,Martinique,2016,0.0011
1800,126,Martinique,2017,0.0011
1801,126,Martinique,2018,0.0011
1802,126,Martinique,2019,0.013
1803,126,Martinique,2020,0.0151
1804,126,Martinique,2021,0.014
1805,126,Martinique,2022,0.014
1806,127,Mauritania,2013,0.0044
1807,127,Mauritania,2014,0.0044
1808,127,Mauritania,2015,0.0344
1809,127,Mauritania,2016,0.0344
1810,127,Mauritania,2017,0.0344
1811,127,Mauritania,2018,0.0344
1812,127,Mauritania,2019,0.0344
1813,127,Mauritania,2020,0.0344
1814,127,Mauritania,2021,0.0344
1815,127,Mauritania,2022,0.0344
1816,128,Mauritius,2003,0.0001799999999999
1817,128,Mauritius,2004,0.0001799999999999
1818,128,Mauritius,2005,0.0001799999999999
1819,128,Mauritius,2006,0.0001799999999999
1820,128,Mauritius,2007,0.0001799999999999
1821,128,Mauritius,2008,0.0001799999999999
1822,128,Mauritius,2009,0.00073
1823,128,Mauritius,2010,0.00128
1824,128,Mauritius,2011,0.00128
1825,128,Mauritius,2012,0.00128
1826,128,Mauritius,2013,0.00128
1827,128,Mauritius,2014,0.00128
1828,128,Mauritius,2015,0.00128
1829,128,Mauritius,2016,0.01063
1830,128,Mauritius,2017,0.01063
1831,128,Mauritius,2018,0.01063
1832,128,Mauritius,2019,0.01063
1833,128,Mauritius,2020,0.01063
1834,128,Mauritius,2021,0.01063
1835,128,Mauritius,2022,0.01063
1836,24,Mexico,2000,0.017
1837,24,Mexico,2001,0.017
1838,24,Mexico,2002,0.018
1839,24,Mexico,2003,0.018
1840,24,Mexico,2004,0.018
1841,24,Mexico,2005,0.018
1842,24,Mexico,2006,0.101
1843,24,Mexico,2007,0.101
1844,24,Mexico,2008,0.101
1845,24,Mexico,2009,0.425
1846,24,Mexico,2010,0.519
1847,24,Mexico,2011,0.601
1848,24,Mexico,2012,1.815
1849,24,Mexico,2013,2.122
1850,24,Mexico,2014,2.569
1851,24,Mexico,2015,3.271
1852,24,Mexico,2016,4.051
1853,24,Mexico,2017,4.18
1854,24,Mexico,2018,5.8870000000000005
1855,24,Mexico,2019,6.073
1856,24,Mexico,2020,6.504
1857,24,Mexico,2021,7.154100000000001
1858,24,Mexico,2022,7.312100000000001
1859,129,Micronesia (country),2018,0.000825
1860,129,Micronesia (country),2019,0.000825
1861,129,Micronesia (country),2020,0.000825
1862,129,Micronesia (country),2021,0.000825
1863,129,Micronesia (country),2022,0.000825
1864,130,Middle East (IRENA),2000,0.0124
1865,130,Middle East (IRENA),2001,0.0124
1866,130,Middle East (IRENA),2002,0.0194
1867,130,Middle East (IRENA),2003,0.0234
1868,130,Middle East (IRENA),2004,0.0329
1869,130,Middle East (IRENA),2005,0.045
1870,130,Middle East (IRENA),2006,0.055
1871,130,Middle East (IRENA),2007,0.071
1872,130,Middle East (IRENA),2008,0.071675
1873,130,Middle East (IRENA),2009,0.100675
1874,130,Middle East (IRENA),2010,0.10368
1875,130,Middle East (IRENA),2011,0.10689
1876,130,Middle East (IRENA),2012,0.11531
1877,130,Middle East (IRENA),2013,0.12156
1878,130,Middle East (IRENA),2014,0.16456
1879,130,Middle East (IRENA),2015,0.28622
1880,130,Middle East (IRENA),2016,0.42327
1881,130,Middle East (IRENA),2017,0.50408
1882,130,Middle East (IRENA),2018,0.6090800000000001
1883,130,Middle East (IRENA),2019,0.7751
1884,130,Middle East (IRENA),2020,0.92327
1885,130,Middle East (IRENA),2021,1.02889
1886,130,Middle East (IRENA),2022,1.05325
1887,131,Moldova,2013,0.001
1888,131,Moldova,2014,0.001
1889,131,Moldova,2015,0.001
1890,131,Moldova,2016,0.001778
1891,131,Moldova,2017,0.00919
1892,131,Moldova,2018,0.033
1893,131,Moldova,2019,0.035
1894,131,Moldova,2020,0.041
1895,131,Moldova,2021,0.073387
1896,131,Moldova,2022,0.10155
1897,132,Mongolia,2000,5e-06
1898,132,Mongolia,2001,1.2e-05
1899,132,Mongolia,2002,1.2e-05
1900,132,Mongolia,2003,2e-05
1901,132,Mongolia,2004,2e-05
1902,132,Mongolia,2005,2e-05
1903,132,Mongolia,2006,2.3e-05
1904,132,Mongolia,2007,0.000473
1905,132,Mongolia,2008,0.000473
1906,132,Mongolia,2009,0.000473
1907,132,Mongolia,2010,0.000673
1908,132,Mongolia,2011,0.000673
1909,132,Mongolia,2012,0.001006
1910,132,Mongolia,2013,0.050606
1911,132,Mongolia,2014,0.050606
1912,132,Mongolia,2015,0.050606
1913,132,Mongolia,2016,0.050606
1914,132,Mongolia,2017,0.101006
1915,132,Mongolia,2018,0.156006
1916,132,Mongolia,2019,0.156006
1917,132,Mongolia,2020,0.156
1918,132,Mongolia,2021,0.155994
1919,132,Mongolia,2022,0.155994
1920,133,Montenegro,2017,0.072
1921,133,Montenegro,2018,0.072
1922,133,Montenegro,2019,0.118
1923,133,Montenegro,2020,0.118
1924,133,Montenegro,2021,0.118
1925,133,Montenegro,2022,0.118
1926,134,Morocco,2000,0.054
1927,134,Morocco,2001,0.054
1928,134,Morocco,2002,0.054
1929,134,Morocco,2003,0.054
1930,134,Morocco,2004,0.054
1931,134,Morocco,2005,0.054
1932,134,Morocco,2006,0.054
1933,134,Morocco,2007,0.114
1934,134,Morocco,2008,0.114
1935,134,Morocco,2009,0.221
1936,134,Morocco,2010,0.221
1937,134,Morocco,2011,0.255
1938,134,Morocco,2012,0.255
1939,134,Morocco,2013,0.495
1940,134,Morocco,2014,0.797
1941,134,Morocco,2015,0.797
1942,134,Morocco,2016,0.902
1943,134,Morocco,2017,1.022
1944,134,Morocco,2018,1.225
1945,134,Morocco,2019,1.225
1946,134,Morocco,2020,1.435
1947,134,Morocco,2021,1.471
1948,134,Morocco,2022,1.556
1949,135,Myanmar,2015,3e-06
1950,135,Myanmar,2016,3e-06
1951,135,Myanmar,2017,6e-06
1952,135,Myanmar,2018,6e-06
1953,135,Myanmar,2019,6e-06
1954,135,Myanmar,2020,6e-06
1955,135,Myanmar,2021,6e-06
1956,135,Myanmar,2022,6e-06
1957,136,Namibia,2005,0.00022
1958,136,Namibia,2006,0.00022
1959,136,Namibia,2007,0.00022
1960,136,Namibia,2008,0.00022
1961,136,Namibia,2009,0.00022
1962,136,Namibia,2010,0.00022
1963,136,Namibia,2011,0.00022
1964,136,Namibia,2012,0.000222
1965,136,Namibia,2013,0.000222
1966,136,Namibia,2014,0.000222
1967,136,Namibia,2015,0.000222
1968,136,Namibia,2016,0.000222
1969,136,Namibia,2017,0.005231
1970,136,Namibia,2018,0.005231
1971,136,Namibia,2019,0.005231
1972,136,Namibia,2020,0.005231
1973,136,Namibia,2021,0.005231
1974,136,Namibia,2022,0.005231
1975,137,Nepal,2013,6.9e-05
1976,137,Nepal,2014,6.9e-05
1977,137,Nepal,2015,6.9e-05
1978,137,Nepal,2016,6.9e-05
1979,137,Nepal,2017,6.9e-05
1980,137,Nepal,2018,0.000169
1981,137,Nepal,2019,0.000199
1982,137,Nepal,2020,0.000199
1983,137,Nepal,2021,0.000199
1984,137,Nepal,2022,0.000199
1985,26,Netherlands,2000,0.447
1986,26,Netherlands,2001,0.486
1987,26,Netherlands,2002,0.672
1988,26,Netherlands,2003,0.905
1989,26,Netherlands,2004,1.075
1990,26,Netherlands,2005,1.224
1991,26,Netherlands,2006,1.561
1992,26,Netherlands,2007,1.749
1993,26,Netherlands,2008,2.149
1994,26,Netherlands,2009,2.222
1995,26,Netherlands,2010,2.237
1996,26,Netherlands,2011,2.316
1997,26,Netherlands,2012,2.433
1998,26,Netherlands,2013,2.713
1999,26,Netherlands,2014,2.865
2000,26,Netherlands,2015,3.3908400000000003
2001,26,Netherlands,2016,4.25712
2002,26,Netherlands,2017,4.202
2003,26,Netherlands,2018,4.39311
2004,26,Netherlands,2019,4.484158000000001
2005,26,Netherlands,2020,6.647875
2006,26,Netherlands,2021,7.769365
2007,26,Netherlands,2022,9.309365
2008,138,New Caledonia,2000,0.003825
2009,138,New Caledonia,2001,0.004365
2010,138,New Caledonia,2002,0.006565
2011,138,New Caledonia,2003,0.011185
2012,138,New Caledonia,2004,0.022735
2013,138,New Caledonia,2005,0.022735
2014,138,New Caledonia,2006,0.028235
2015,138,New Caledonia,2007,0.03236
2016,138,New Caledonia,2008,0.03236
2017,138,New Caledonia,2009,0.03731
2018,138,New Caledonia,2010,0.03731
2019,138,New Caledonia,2011,0.037585
2020,138,New Caledonia,2012,0.037585
2021,138,New Caledonia,2013,0.037585
2022,138,New Caledonia,2014,0.037585
2023,138,New Caledonia,2015,0.037585
2024,138,New Caledonia,2016,0.037585
2025,138,New Caledonia,2017,0.037585
2026,138,New Caledonia,2018,0.037585
2027,138,New Caledonia,2019,0.037585
2028,138,New Caledonia,2020,0.037585
2029,138,New Caledonia,2021,0.037585
2030,138,New Caledonia,2022,0.037585
2031,139,New Zealand,2000,0.036
2032,139,New Zealand,2001,0.036
2033,139,New Zealand,2002,0.054
2034,139,New Zealand,2003,0.071
2035,139,New Zealand,2004,0.165
2036,139,New Zealand,2005,0.167
2037,139,New Zealand,2006,0.168
2038,139,New Zealand,2007,0.319
2039,139,New Zealand,2008,0.321
2040,139,New Zealand,2009,0.512
2041,139,New Zealand,2010,0.539
2042,139,New Zealand,2011,0.622
2043,139,New Zealand,2012,0.622
2044,139,New Zealand,2013,0.622
2045,139,New Zealand,2014,0.681
2046,139,New Zealand,2015,0.6880000000000001
2047,139,New Zealand,2016,0.6890000000000001
2048,139,New Zealand,2017,0.6890000000000001
2049,139,New Zealand,2018,0.6890000000000001
2050,139,New Zealand,2019,0.6890000000000001
2051,139,New Zealand,2020,0.6890000000000001
2052,139,New Zealand,2021,0.912
2053,139,New Zealand,2022,0.912
2054,140,Nicaragua,2009,0.0399
2055,140,Nicaragua,2010,0.063
2056,140,Nicaragua,2011,0.063
2057,140,Nicaragua,2012,0.1466
2058,140,Nicaragua,2013,0.1466
2059,140,Nicaragua,2014,0.1862
2060,140,Nicaragua,2015,0.1862
2061,140,Nicaragua,2016,0.1862
2062,140,Nicaragua,2017,0.1862
2063,140,Nicaragua,2018,0.1862
2064,140,Nicaragua,2019,0.1862
2065,140,Nicaragua,2020,0.1862
2066,140,Nicaragua,2021,0.1862
2067,140,Nicaragua,2022,0.1862
2068,141,Nigeria,2002,0.0
2069,141,Nigeria,2003,0.0
2070,141,Nigeria,2004,0.0
2071,141,Nigeria,2005,0.0
2072,141,Nigeria,2006,0.0
2073,141,Nigeria,2007,0.0
2074,141,Nigeria,2008,0.0
2075,141,Nigeria,2009,0.0
2076,141,Nigeria,2010,0.0
2077,141,Nigeria,2011,0.0
2078,141,Nigeria,2012,0.0
2079,141,Nigeria,2013,0.0
2080,141,Nigeria,2014,0.0
2081,141,Nigeria,2015,0.0
2082,141,Nigeria,2016,0.0
2083,141,Nigeria,2017,0.0
2084,141,Nigeria,2018,0.0
2085,141,Nigeria,2019,0.0
2086,141,Nigeria,2020,0.0
2087,28,North America,2000,2.54831
2088,28,North America,2001,4.09375
2089,28,North America,2002,4.6810503
2090,28,North America,2003,6.44
2091,28,North America,2004,7.0394097
2092,28,North America,2005,9.52472
2093,28,North America,2006,12.978
2094,28,North America,2007,18.58044
2095,28,North America,2008,27.21843
2096,28,North America,2009,38.26223
2097,28,North America,2010,44.140754
2098,28,North America,2011,52.118785
2099,28,North America,2012,68.19581
2100,28,North America,2013,70.91867
2101,28,North America,2014,77.61342
2102,28,North America,2015,88.53377
2103,28,North America,2016,99.04902
2104,28,North America,2017,105.863414
2105,28,North America,2018,115.08136
2106,28,North America,2019,125.26208
2107,28,North America,2020,140.75936
2108,28,North America,2021,156.4686
2109,28,North America,2022,165.50538
2110,142,North America (IRENA),2000,2.486
2111,142,North America (IRENA),2001,4.01164
2112,142,North America (IRENA),2002,4.59564
2113,142,North America (IRENA),2003,6.34019
2114,142,North America (IRENA),2004,6.917800000000001
2115,142,North America (IRENA),2005,9.40141
2116,142,North America (IRENA),2006,12.85279
2117,142,North America (IRENA),2007,18.4561
2118,142,North America (IRENA),2008,27.0889
2119,142,North America (IRENA),2009,38.0034
2120,142,North America (IRENA),2010,43.836297
2121,142,North America (IRENA),2011,51.661566
2122,142,North America (IRENA),2012,67.4699
2123,142,North America (IRENA),2013,70.12176600000001
2124,142,North America (IRENA),2014,76.69319
2125,142,North America (IRENA),2015,87.252234
2126,142,North America (IRENA),2016,97.52636
2127,142,North America (IRENA),2017,104.26078
2128,142,North America (IRENA),2018,113.369234
2129,142,North America (IRENA),2019,123.32161
2130,142,North America (IRENA),2020,138.79455
2131,142,North America (IRENA),2021,154.47698000000003
2132,142,North America (IRENA),2022,163.46922
2133,143,North Korea,2008,0.0002
2134,143,North Korea,2009,0.0002
2135,143,North Korea,2010,0.0002
2136,143,North Korea,2011,0.0002
2137,143,North Korea,2012,0.0002
2138,143,North Korea,2013,0.0002
2139,143,North Korea,2014,0.0002
2140,143,North Korea,2015,0.0002
2141,143,North Korea,2016,0.0002
2142,143,North Korea,2017,0.0006
2143,143,North Korea,2018,0.0006
2144,143,North Korea,2019,0.0006
2145,143,North Korea,2020,0.0006
2146,143,North Korea,2021,0.0006
2147,143,North Korea,2022,0.0006
2148,144,North Macedonia,2014,0.037
2149,144,North Macedonia,2015,0.037
2150,144,North Macedonia,2016,0.037
2151,144,North Macedonia,2017,0.037
2152,144,North Macedonia,2018,0.037
2153,144,North Macedonia,2019,0.037
2154,144,North Macedonia,2020,0.037
2155,144,North Macedonia,2021,0.037
2156,144,North Macedonia,2022,0.037
2157,145,Norway,2000,0.013
2158,145,Norway,2001,0.013
2159,145,Norway,2002,0.097
2160,145,Norway,2003,0.097
2161,145,Norway,2004,0.152
2162,145,Norway,2005,0.265
2163,145,Norway,2006,0.284
2164,145,Norway,2007,0.348
2165,145,Norway,2008,0.395
2166,145,Norway,2009,0.423
2167,145,Norway,2010,0.425
2168,145,Norway,2011,0.512
2169,145,Norway,2012,0.705
2170,145,Norway,2013,0.8180000000000001
2171,145,Norway,2014,0.859
2172,145,Norway,2015,0.867
2173,145,Norway,2016,0.883
2174,145,Norway,2017,1.207
2175,145,Norway,2018,1.71
2176,145,Norway,2019,2.914
2177,145,Norway,2020,4.03
2178,145,Norway,2021,5.049
2179,145,Norway,2022,5.134
2180,31,Oceania,2000,0.073005005
2181,31,Oceania,2001,0.116545
2182,31,Oceania,2002,0.166745
2183,31,Oceania,2003,0.2724049999999999
2184,31,Oceania,2004,0.5669100300000001
2185,31,Oceania,2005,0.92991003
2186,31,Oceania,2006,1.01541003
2187,31,Oceania,2007,1.610733
2188,31,Oceania,2008,1.807968
2189,31,Oceania,2009,2.265918
2190,31,Oceania,2010,2.453798
2191,31,Oceania,2011,2.800073
2192,31,Oceania,2012,3.234073
2193,31,Oceania,2013,3.894084
2194,31,Oceania,2014,4.530184
2195,31,Oceania,2015,4.921195
2196,31,Oceania,2016,5.06547
2197,31,Oceania,2017,5.553195
2198,31,Oceania,2018,6.184121
2199,31,Oceania,2019,7.022436
2200,31,Oceania,2020,9.346436
2201,31,Oceania,2021,9.917035
2202,31,Oceania,2022,11.100436
2203,146,Oceania (IRENA),2000,0.073005
2204,146,Oceania (IRENA),2001,0.116545
2205,146,Oceania (IRENA),2002,0.166745
2206,146,Oceania (IRENA),2003,0.2724049999999999
2207,146,Oceania (IRENA),2004,0.56691
2208,146,Oceania (IRENA),2005,0.92991
2209,146,Oceania (IRENA),2006,1.01541
2210,146,Oceania (IRENA),2007,1.610733
2211,146,Oceania (IRENA),2008,1.807968
2212,146,Oceania (IRENA),2009,2.265918
2213,146,Oceania (IRENA),2010,2.453798
2214,146,Oceania (IRENA),2011,2.800073
2215,146,Oceania (IRENA),2012,3.234073
2216,146,Oceania (IRENA),2013,3.894084
2217,146,Oceania (IRENA),2014,4.530184
2218,146,Oceania (IRENA),2015,4.921195
2219,146,Oceania (IRENA),2016,5.06547
2220,146,Oceania (IRENA),2017,5.553195
2221,146,Oceania (IRENA),2018,6.184121
2222,146,Oceania (IRENA),2019,7.022436
2223,146,Oceania (IRENA),2020,9.346436
2224,146,Oceania (IRENA),2021,9.917036
2225,146,Oceania (IRENA),2022,11.100436
2226,147,Oman,2019,0.05
2227,147,Oman,2020,0.05
2228,147,Oman,2021,0.05
2229,147,Oman,2022,0.05
2230,148,Pakistan,2008,0.006
2231,148,Pakistan,2009,0.006
2232,148,Pakistan,2010,0.006
2233,148,Pakistan,2011,0.006
2234,148,Pakistan,2012,0.056155
2235,148,Pakistan,2013,0.106055
2236,148,Pakistan,2014,0.205555
2237,148,Pakistan,2015,0.308355
2238,148,Pakistan,2016,0.5906549999999999
2239,148,Pakistan,2017,0.7891549999999999
2240,148,Pakistan,2018,1.185855
2241,148,Pakistan,2019,1.235855
2242,148,Pakistan,2020,1.235855
2243,148,Pakistan,2021,1.335155
2244,148,Pakistan,2022,1.435155
2245,149,Panama,2013,0.02
2246,149,Panama,2014,0.055
2247,149,Panama,2015,0.2525
2248,149,Panama,2016,0.27
2249,149,Panama,2017,0.27
2250,149,Panama,2018,0.27
2251,149,Panama,2019,0.27
2252,149,Panama,2020,0.27
2253,149,Panama,2021,0.27
2254,149,Panama,2022,0.27
2255,150,Peru,2000,0.0007
2256,150,Peru,2001,0.0007
2257,150,Peru,2002,0.0007
2258,150,Peru,2003,0.0007
2259,150,Peru,2004,0.0007
2260,150,Peru,2005,0.0007
2261,150,Peru,2006,0.0007
2262,150,Peru,2007,0.0007
2263,150,Peru,2008,0.0007
2264,150,Peru,2009,0.0007
2265,150,Peru,2010,0.0007
2266,150,Peru,2011,0.0007
2267,150,Peru,2012,0.0007
2268,150,Peru,2013,0.0007
2269,150,Peru,2014,0.1427
2270,150,Peru,2015,0.2398
2271,150,Peru,2016,0.23995
2272,150,Peru,2017,0.23995
2273,150,Peru,2018,0.37225
2274,150,Peru,2019,0.37225
2275,150,Peru,2020,0.40899
2276,150,Peru,2021,0.40899
2277,150,Peru,2022,0.40899
2278,151,Philippines,2005,0.033
2279,151,Philippines,2006,0.033
2280,151,Philippines,2007,0.033
2281,151,Philippines,2008,0.033
2282,151,Philippines,2009,0.033
2283,151,Philippines,2010,0.033
2284,151,Philippines,2011,0.033
2285,151,Philippines,2012,0.033
2286,151,Philippines,2013,0.033
2287,151,Philippines,2014,0.3369
2288,151,Philippines,2015,0.4269
2289,151,Philippines,2016,0.4269
2290,151,Philippines,2017,0.4269
2291,151,Philippines,2018,0.4269
2292,151,Philippines,2019,0.4428999999999999
2293,151,Philippines,2020,0.4428999999999999
2294,151,Philippines,2021,0.4428999999999999
2295,151,Philippines,2022,0.4428999999999999
2296,32,Poland,2000,0.004
2297,32,Poland,2001,0.019
2298,32,Poland,2002,0.032
2299,32,Poland,2003,0.035
2300,32,Poland,2004,0.04
2301,32,Poland,2005,0.121
2302,32,Poland,2006,0.172
2303,32,Poland,2007,0.306
2304,32,Poland,2008,0.526
2305,32,Poland,2009,0.709
2306,32,Poland,2010,1.108
2307,32,Poland,2011,1.8
2308,32,Poland,2012,2.564
2309,32,Poland,2013,3.4290000000000003
2310,32,Poland,2014,3.836
2311,32,Poland,2015,4.886
2312,32,Poland,2016,5.747
2313,32,Poland,2017,5.7593570000000005
2314,32,Poland,2018,5.766078
2315,32,Poland,2019,5.836823000000001
2316,32,Poland,2020,6.29825
2317,32,Poland,2021,6.967339
2318,32,Poland,2022,7.987339
2319,33,Portugal,2000,0.083
2320,33,Portugal,2001,0.125
2321,33,Portugal,2002,0.19
2322,33,Portugal,2003,0.268
2323,33,Portugal,2004,0.553
2324,33,Portugal,2005,1.064
2325,33,Portugal,2006,1.681
2326,33,Portugal,2007,2.201
2327,33,Portugal,2008,2.857
2328,33,Portugal,2009,3.326
2329,33,Portugal,2010,3.796
2330,33,Portugal,2011,4.256215
2331,33,Portugal,2012,4.411552
2332,33,Portugal,2013,4.609948999999999
2333,33,Portugal,2014,4.856555999999999
2334,33,Portugal,2015,4.936838
2335,33,Portugal,2016,5.124103
2336,33,Portugal,2017,5.124104999999999
2337,33,Portugal,2018,5.172359
2338,33,Portugal,2019,5.222745
2339,33,Portugal,2020,5.122259000000001
2340,33,Portugal,2021,5.427326
2341,33,Portugal,2022,5.455326
2342,152,Puerto Rico,2010,0.0
2343,152,Puerto Rico,2011,5e-06
2344,152,Puerto Rico,2012,0.099805
2345,152,Puerto Rico,2013,0.099802
2346,152,Puerto Rico,2014,0.099022
2347,152,Puerto Rico,2015,0.100422
2348,152,Puerto Rico,2016,0.099022
2349,152,Puerto Rico,2017,0.099022
2350,152,Puerto Rico,2018,0.099042
2351,152,Puerto Rico,2019,0.099042
2352,152,Puerto Rico,2020,0.099044
2353,152,Puerto Rico,2021,0.099044
2354,152,Puerto Rico,2022,0.099044
2355,153,Reunion,2004,0.0066
2356,153,Reunion,2005,0.01045
2357,153,Reunion,2006,0.0134749999999999
2358,153,Reunion,2007,0.01483
2359,153,Reunion,2008,0.01483
2360,153,Reunion,2009,0.01483
2361,153,Reunion,2010,0.01483
2362,153,Reunion,2011,0.01483
2363,153,Reunion,2012,0.01483
2364,153,Reunion,2013,0.01483
2365,153,Reunion,2014,0.01483
2366,153,Reunion,2015,0.01483
2367,153,Reunion,2016,0.0165
2368,153,Reunion,2017,0.0165
2369,153,Reunion,2018,0.0165
2370,153,Reunion,2019,0.0165
2371,153,Reunion,2020,0.0165
2372,153,Reunion,2021,0.0165
2373,153,Reunion,2022,0.0165
2374,154,Romania,2005,0.001
2375,154,Romania,2006,0.001
2376,154,Romania,2007,0.003
2377,154,Romania,2008,0.005
2378,154,Romania,2009,0.015
2379,154,Romania,2010,0.389
2380,154,Romania,2011,0.988
2381,154,Romania,2012,1.822
2382,154,Romania,2013,2.773
2383,154,Romania,2014,3.244
2384,154,Romania,2015,3.13
2385,154,Romania,2016,3.025
2386,154,Romania,2017,3.029798
2387,154,Romania,2018,3.032258
2388,154,Romania,2019,3.037515
2389,154,Romania,2020,3.012527
2390,154,Romania,2021,3.014958
2391,154,Romania,2022,3.014958
2392,155,Russia,2000,0.003
2393,155,Russia,2001,0.003
2394,155,Russia,2002,0.007
2395,155,Russia,2003,0.009
2396,155,Russia,2004,0.009
2397,155,Russia,2005,0.01
2398,155,Russia,2006,0.01
2399,155,Russia,2007,0.01
2400,155,Russia,2008,0.01
2401,155,Russia,2009,0.01
2402,155,Russia,2010,0.01
2403,155,Russia,2011,0.01
2404,155,Russia,2012,0.01
2405,155,Russia,2013,0.01
2406,155,Russia,2014,0.01
2407,155,Russia,2015,0.0109
2408,155,Russia,2016,0.0109
2409,155,Russia,2017,0.0109
2410,155,Russia,2018,0.0519
2411,155,Russia,2019,0.1019
2412,155,Russia,2020,0.9453
2413,155,Russia,2021,1.955
2414,155,Russia,2022,2.218
2415,156,Saint Kitts and Nevis,2010,0.0022
2416,156,Saint Kitts and Nevis,2011,0.0022
2417,156,Saint Kitts and Nevis,2012,0.0022
2418,156,Saint Kitts and Nevis,2013,0.0022
2419,156,Saint Kitts and Nevis,2014,0.0022
2420,156,Saint Kitts and Nevis,2015,0.0022
2421,156,Saint Kitts and Nevis,2016,0.0022
2422,156,Saint Kitts and Nevis,2017,0.0022
2423,156,Saint Kitts and Nevis,2018,0.0022
2424,156,Saint Kitts and Nevis,2019,0.0022
2425,156,Saint Kitts and Nevis,2020,0.0022
2426,156,Saint Kitts and Nevis,2021,0.0022
2427,156,Saint Kitts and Nevis,2022,0.0022
2428,157,Saint Pierre and Miquelon,2008,0.0006
2429,157,Saint Pierre and Miquelon,2009,0.0006
2430,157,Saint Pierre and Miquelon,2010,0.0006
2431,157,Saint Pierre and Miquelon,2011,0.0006
2432,157,Saint Pierre and Miquelon,2012,0.0006
2433,157,Saint Pierre and Miquelon,2013,0.0006
2434,158,Samoa,2014,0.00055
2435,158,Samoa,2015,0.00055
2436,158,Samoa,2016,0.00055
2437,158,Samoa,2017,0.00055
2438,158,Samoa,2018,0.00055
2439,158,Samoa,2019,0.00055
2440,158,Samoa,2020,0.00055
2441,158,Samoa,2021,0.00055
2442,158,Samoa,2022,0.00055
2443,159,Saudi Arabia,2017,0.00275
2444,159,Saudi Arabia,2018,0.00275
2445,159,Saudi Arabia,2019,0.00325
2446,159,Saudi Arabia,2020,0.00325
2447,159,Saudi Arabia,2021,0.00325
2448,159,Saudi Arabia,2022,0.00325
2449,160,Senegal,2019,0.0552
2450,160,Senegal,2020,0.1586999999999999
2451,160,Senegal,2021,0.1586999999999999
2452,160,Senegal,2022,0.1586999999999999
2453,161,Serbia,2012,0.0005
2454,161,Serbia,2013,0.0005
2455,161,Serbia,2014,0.0005
2456,161,Serbia,2015,0.0104
2457,161,Serbia,2016,0.017
2458,161,Serbia,2017,0.025
2459,161,Serbia,2018,0.227
2460,161,Serbia,2019,0.398
2461,161,Serbia,2020,0.398
2462,161,Serbia,2021,0.398
2463,161,Serbia,2022,0.398
2464,162,Seychelles,2013,0.006
2465,162,Seychelles,2014,0.006
2466,162,Seychelles,2015,0.006
2467,162,Seychelles,2016,0.006
2468,162,Seychelles,2017,0.006
2469,162,Seychelles,2018,0.006
2470,162,Seychelles,2019,0.006
2471,162,Seychelles,2020,0.006
2472,162,Seychelles,2021,0.006
2473,162,Seychelles,2022,0.006
2474,163,Singapore,2017,0.0001
2475,163,Singapore,2018,0.0001
2476,163,Singapore,2019,0.0001
2477,163,Singapore,2020,0.0001
2478,163,Singapore,2021,0.0001
2479,163,Singapore,2022,0.0001
2480,164,Slovakia,2003,0.003
2481,164,Slovakia,2004,0.003
2482,164,Slovakia,2005,0.005
2483,164,Slovakia,2006,0.005
2484,164,Slovakia,2007,0.005
2485,164,Slovakia,2008,0.005
2486,164,Slovakia,2009,0.003
2487,164,Slovakia,2010,0.003
2488,164,Slovakia,2011,0.003
2489,164,Slovakia,2012,0.003
2490,164,Slovakia,2013,0.005
2491,164,Slovakia,2014,0.003
2492,164,Slovakia,2015,0.003
2493,164,Slovakia,2016,0.003
2494,164,Slovakia,2017,0.004
2495,164,Slovakia,2018,0.003
2496,164,Slovakia,2019,0.004
2497,164,Slovakia,2020,0.004
2498,164,Slovakia,2021,0.004
2499,164,Slovakia,2022,0.004
2500,165,Slovenia,2012,0.002
2501,165,Slovenia,2013,0.002
2502,165,Slovenia,2014,0.003
2503,165,Slovenia,2015,0.003
2504,165,Slovenia,2016,0.003
2505,165,Slovenia,2017,0.0033
2506,165,Slovenia,2018,0.0033
2507,165,Slovenia,2019,0.0033
2508,165,Slovenia,2020,0.0033
2509,165,Slovenia,2021,0.003328
2510,165,Slovenia,2022,0.003328
2511,166,Somalia,2012,0.0022
2512,166,Somalia,2013,0.0022
2513,166,Somalia,2014,0.0022
2514,166,Somalia,2015,0.0028
2515,166,Somalia,2016,0.0028
2516,166,Somalia,2017,0.0035499999999999
2517,166,Somalia,2018,0.0035499999999999
2518,166,Somalia,2019,0.0035499999999999
2519,166,Somalia,2020,0.0035499999999999
2520,166,Somalia,2021,0.0035499999999999
2521,166,Somalia,2022,0.0035499999999999
2522,167,South Africa,2002,0.00316
2523,167,South Africa,2003,0.00316
2524,167,South Africa,2004,0.00316
2525,167,South Africa,2005,0.00316
2526,167,South Africa,2006,0.00316
2527,167,South Africa,2007,0.00316
2528,167,South Africa,2008,0.00836
2529,167,South Africa,2009,0.00836
2530,167,South Africa,2010,0.01016
2531,167,South Africa,2011,0.01016
2532,167,South Africa,2012,0.01016
2533,167,South Africa,2013,0.257
2534,167,South Africa,2014,0.5690000000000001
2535,167,South Africa,2015,1.079
2536,167,South Africa,2016,1.473
2537,167,South Africa,2017,2.094
2538,167,South Africa,2018,2.094
2539,167,South Africa,2019,2.094
2540,167,South Africa,2020,2.516
2541,167,South Africa,2021,2.9555
2542,167,South Africa,2022,3.1025
2543,34,South America,2000,0.037238
2544,34,South America,2001,0.051955
2545,34,South America,2002,0.050924
2546,34,South America,2003,0.052855
2547,34,South America,2004,0.074955
2548,34,South America,2005,0.069955
2549,34,South America,2006,0.286375
2550,34,South America,2007,0.31776498
2551,34,South America,2008,0.483295
2552,34,South America,2009,0.846295
2553,34,South America,2010,1.181395
2554,34,South America,2011,1.7361499
2555,34,South America,2012,2.33855
2556,34,South America,2013,2.8631830000000003
2557,34,South America,2014,6.578594
2558,34,South America,2015,9.942201
2559,34,South America,2016,12.94627
2560,34,South America,2017,15.725898
2561,34,South America,2018,19.13962
2562,34,South America,2019,20.695297
2563,34,South America,2020,24.03545
2564,34,South America,2021,29.755424
2565,34,South America,2022,33.470746
2566,168,South America (IRENA),2000,0.037238
2567,168,South America (IRENA),2001,0.051955
2568,168,South America (IRENA),2002,0.050924
2569,168,South America (IRENA),2003,0.052855
2570,168,South America (IRENA),2004,0.074955
2571,168,South America (IRENA),2005,0.069955
2572,168,South America (IRENA),2006,0.286375
2573,168,South America (IRENA),2007,0.317765
2574,168,South America (IRENA),2008,0.483295
2575,168,South America (IRENA),2009,0.846295
2576,168,South America (IRENA),2010,1.181395
2577,168,South America (IRENA),2011,1.73615
2578,168,South America (IRENA),2012,2.33855
2579,168,South America (IRENA),2013,2.8631830000000003
2580,168,South America (IRENA),2014,6.578594
2581,168,South America (IRENA),2015,9.942201
2582,168,South America (IRENA),2016,12.946269
2583,168,South America (IRENA),2017,15.725898
2584,168,South America (IRENA),2018,19.13962
2585,168,South America (IRENA),2019,20.695297
2586,168,South America (IRENA),2020,24.035447
2587,168,South America (IRENA),2021,29.755424
2588,168,South America (IRENA),2022,33.470746
2589,169,South Georgia and the South Sandwich Islands,2000,6e-06
2590,169,South Georgia and the South Sandwich Islands,2001,6e-06
2591,169,South Georgia and the South Sandwich Islands,2002,6e-06
2592,169,South Georgia and the South Sandwich Islands,2003,6e-06
2593,169,South Georgia and the South Sandwich Islands,2004,6e-06
2594,169,South Georgia and the South Sandwich Islands,2005,6e-06
2595,169,South Georgia and the South Sandwich Islands,2006,6e-06
2596,169,South Georgia and the South Sandwich Islands,2007,6e-06
2597,169,South Georgia and the South Sandwich Islands,2008,6e-06
2598,169,South Georgia and the South Sandwich Islands,2009,6e-06
2599,169,South Georgia and the South Sandwich Islands,2010,6e-06
2600,169,South Georgia and the South Sandwich Islands,2011,6e-06
2601,169,South Georgia and the South Sandwich Islands,2012,6e-06
2602,169,South Georgia and the South Sandwich Islands,2013,6e-06
2603,169,South Georgia and the South Sandwich Islands,2014,6e-06
2604,169,South Georgia and the South Sandwich Islands,2015,6e-06
2605,169,South Georgia and the South Sandwich Islands,2016,6e-06
2606,169,South Georgia and the South Sandwich Islands,2017,6e-06
2607,169,South Georgia and the South Sandwich Islands,2018,6e-06
2608,169,South Georgia and the South Sandwich Islands,2019,6e-06
2609,169,South Georgia and the South Sandwich Islands,2020,6e-06
2610,169,South Georgia and the South Sandwich Islands,2021,6e-06
2611,169,South Georgia and the South Sandwich Islands,2022,6e-06
2612,35,South Korea,2000,0.007
2613,35,South Korea,2001,0.011
2614,35,South Korea,2002,0.013
2615,35,South Korea,2003,0.019
2616,35,South Korea,2004,0.029
2617,35,South Korea,2005,0.099
2618,35,South Korea,2006,0.178
2619,35,South Korea,2007,0.196
2620,35,South Korea,2008,0.304
2621,35,South Korea,2009,0.351
2622,35,South Korea,2010,0.382
2623,35,South Korea,2011,0.425
2624,35,South Korea,2012,0.464
2625,35,South Korea,2013,0.5760000000000001
2626,35,South Korea,2014,0.612
2627,35,South Korea,2015,0.847
2628,35,South Korea,2016,1.067
2629,35,South Korea,2017,1.215
2630,35,South Korea,2018,1.42
2631,35,South Korea,2019,1.494
2632,35,South Korea,2020,1.635802
2633,35,South Korea,2021,1.708043
2634,35,South Korea,2022,1.892502
2635,37,Spain,2000,2.206
2636,37,Spain,2001,3.397
2637,37,Spain,2002,4.891
2638,37,Spain,2003,5.945
2639,37,Spain,2004,8.317
2640,37,Spain,2005,9.918
2641,37,Spain,2006,11.722
2642,37,Spain,2007,14.82
2643,37,Spain,2008,16.555
2644,37,Spain,2009,19.176
2645,37,Spain,2010,20.693
2646,37,Spain,2011,21.529
2647,37,Spain,2012,22.789
2648,37,Spain,2013,22.958
2649,37,Spain,2014,22.925
2650,37,Spain,2015,22.943
2651,37,Spain,2016,22.99
2652,37,Spain,2017,23.124479
2653,37,Spain,2018,23.405055
2654,37,Spain,2019,25.590076
2655,37,Spain,2020,26.81919
2656,37,Spain,2021,27.90765
2657,37,Spain,2022,29.307836
2658,170,Sri Lanka,2000,0.003
2659,170,Sri Lanka,2001,0.003
2660,170,Sri Lanka,2002,0.003
2661,170,Sri Lanka,2003,0.003
2662,170,Sri Lanka,2004,0.003
2663,170,Sri Lanka,2005,0.003
2664,170,Sri Lanka,2006,0.003
2665,170,Sri Lanka,2007,0.003
2666,170,Sri Lanka,2008,0.003
2667,170,Sri Lanka,2009,0.003
2668,170,Sri Lanka,2010,0.03385
2669,170,Sri Lanka,2011,0.04385
2670,170,Sri Lanka,2012,0.07665
2671,170,Sri Lanka,2013,0.08145
2672,170,Sri Lanka,2014,0.12145
2673,170,Sri Lanka,2015,0.1314499999999999
2674,170,Sri Lanka,2016,0.1314499999999999
2675,170,Sri Lanka,2017,0.1314499999999999
2676,170,Sri Lanka,2018,0.1284499999999999
2677,170,Sri Lanka,2019,0.1284499999999999
2678,170,Sri Lanka,2020,0.179
2679,170,Sri Lanka,2021,0.252
2680,170,Sri Lanka,2022,0.252
2681,38,Sweden,2000,0.209
2682,38,Sweden,2001,0.295
2683,38,Sweden,2002,0.357
2684,38,Sweden,2003,0.417
2685,38,Sweden,2004,0.475
2686,38,Sweden,2005,0.522
2687,38,Sweden,2006,0.585
2688,38,Sweden,2007,0.8230000000000001
2689,38,Sweden,2008,1.089
2690,38,Sweden,2009,1.475
2691,38,Sweden,2010,2.017
2692,38,Sweden,2011,2.764
2693,38,Sweden,2012,3.606
2694,38,Sweden,2013,4.194
2695,38,Sweden,2014,5.088
2696,38,Sweden,2015,5.819
2697,38,Sweden,2016,6.4350000000000005
2698,38,Sweden,2017,6.611
2699,38,Sweden,2018,7.3
2700,38,Sweden,2019,8.681000000000001
2701,38,Sweden,2020,9.976
2702,38,Sweden,2021,12.116
2703,38,Sweden,2022,14.557
2704,171,Switzerland,2000,0.003
2705,171,Switzerland,2001,0.005
2706,171,Switzerland,2002,0.005
2707,171,Switzerland,2003,0.005
2708,171,Switzerland,2004,0.009
2709,171,Switzerland,2005,0.012
2710,171,Switzerland,2006,0.012
2711,171,Switzerland,2007,0.012
2712,171,Switzerland,2008,0.014
2713,171,Switzerland,2009,0.018
2714,171,Switzerland,2010,0.042
2715,171,Switzerland,2011,0.046
2716,171,Switzerland,2012,0.049
2717,171,Switzerland,2013,0.06
2718,171,Switzerland,2014,0.06
2719,171,Switzerland,2015,0.06
2720,171,Switzerland,2016,0.075
2721,171,Switzerland,2017,0.075
2722,171,Switzerland,2018,0.075
2723,171,Switzerland,2019,0.075
2724,171,Switzerland,2020,0.08712
2725,171,Switzerland,2021,0.08712
2726,171,Switzerland,2022,0.08712
2727,172,Syria,2004,0.0006
2728,172,Syria,2005,0.0006
2729,172,Syria,2006,0.0006
2730,172,Syria,2007,0.0006
2731,172,Syria,2008,0.0006
2732,172,Syria,2009,0.0006
2733,172,Syria,2010,0.0006
2734,172,Syria,2011,0.0006
2735,172,Syria,2012,0.0006
2736,172,Syria,2013,0.0006
2737,172,Syria,2014,0.0006
2738,172,Syria,2015,0.0006
2739,172,Syria,2016,0.0006
2740,172,Syria,2017,0.0006
2741,172,Syria,2018,0.0006
2742,172,Syria,2019,0.0006
2743,172,Syria,2020,0.0006
2744,172,Syria,2021,0.0006
2745,172,Syria,2022,0.0006
2746,173,Taiwan,2000,0.0026
2747,173,Taiwan,2001,0.005
2748,173,Taiwan,2002,0.0085399999999999
2749,173,Taiwan,2003,0.0085399999999999
2750,173,Taiwan,2004,0.0085399999999999
2751,173,Taiwan,2005,0.02394
2752,173,Taiwan,2006,0.10199
2753,173,Taiwan,2007,0.18599
2754,173,Taiwan,2008,0.25039
2755,173,Taiwan,2009,0.37429
2756,173,Taiwan,2010,0.47589
2757,173,Taiwan,2011,0.5226900000000001
2758,173,Taiwan,2012,0.57099
2759,173,Taiwan,2013,0.61419
2760,173,Taiwan,2014,0.63719
2761,173,Taiwan,2015,0.6466900000000001
2762,173,Taiwan,2016,0.6820900000000001
2763,173,Taiwan,2017,0.69239
2764,173,Taiwan,2018,0.713151
2765,173,Taiwan,2019,0.845159
2766,173,Taiwan,2020,0.937115
2767,173,Taiwan,2021,1.033368
2768,173,Taiwan,2022,1.581055
2769,174,Tanzania,2020,0.0024
2770,174,Tanzania,2021,0.0024
2771,174,Tanzania,2022,0.0024
2772,39,Thailand,2006,0.00034
2773,39,Thailand,2007,0.00094
2774,39,Thailand,2008,0.00108
2775,39,Thailand,2009,0.0050999999999999
2776,39,Thailand,2010,0.0056
2777,39,Thailand,2011,0.0073
2778,39,Thailand,2012,0.1117
2779,39,Thailand,2013,0.2226999999999999
2780,39,Thailand,2014,0.2245
2781,39,Thailand,2015,0.2339
2782,39,Thailand,2016,0.50704
2783,39,Thailand,2017,0.62782
2784,39,Thailand,2018,1.10282
2785,39,Thailand,2019,1.50682
2786,39,Thailand,2020,1.50682
2787,39,Thailand,2021,1.5453
2788,39,Thailand,2022,1.5453
2789,175,Tokelau,2019,1.5e-05
2790,175,Tokelau,2020,1.5e-05
2791,175,Tokelau,2021,1.5e-05
2792,175,Tokelau,2022,1.5e-05
2793,176,Tonga,2013,1.1e-05
2794,176,Tonga,2014,1.1e-05
2795,176,Tonga,2015,2.2e-05
2796,176,Tonga,2016,2.2e-05
2797,176,Tonga,2017,2.2e-05
2798,176,Tonga,2018,2.2e-05
2799,176,Tonga,2019,0.001322
2800,176,Tonga,2020,0.001322
2801,176,Tonga,2021,0.001322
2802,176,Tonga,2022,0.001322
2803,177,Trinidad and Tobago,2015,1e-05
2804,177,Trinidad and Tobago,2016,1e-05
2805,177,Trinidad and Tobago,2017,1e-05
2806,177,Trinidad and Tobago,2018,1e-05
2807,177,Trinidad and Tobago,2019,1e-05
2808,177,Trinidad and Tobago,2020,1e-05
2809,177,Trinidad and Tobago,2021,1e-05
2810,177,Trinidad and Tobago,2022,1e-05
2811,178,Tunisia,2000,0.01065
2812,178,Tunisia,2001,0.01065
2813,178,Tunisia,2002,0.01065
2814,178,Tunisia,2003,0.01937
2815,178,Tunisia,2004,0.01937
2816,178,Tunisia,2005,0.01937
2817,178,Tunisia,2006,0.01937
2818,178,Tunisia,2007,0.01937
2819,178,Tunisia,2008,0.01937
2820,178,Tunisia,2009,0.05369
2821,178,Tunisia,2010,0.05369
2822,178,Tunisia,2011,0.05369
2823,178,Tunisia,2012,0.173
2824,178,Tunisia,2013,0.2
2825,178,Tunisia,2014,0.233
2826,178,Tunisia,2015,0.24
2827,178,Tunisia,2016,0.24
2828,178,Tunisia,2017,0.24
2829,178,Tunisia,2018,0.245
2830,178,Tunisia,2019,0.245
2831,178,Tunisia,2020,0.245
2832,178,Tunisia,2021,0.245
2833,178,Tunisia,2022,0.245
2834,179,Turkey,2000,0.019
2835,179,Turkey,2001,0.019
2836,179,Turkey,2002,0.019
2837,179,Turkey,2003,0.019
2838,179,Turkey,2004,0.019
2839,179,Turkey,2005,0.021
2840,179,Turkey,2006,0.059
2841,179,Turkey,2007,0.146
2842,179,Turkey,2008,0.364
2843,179,Turkey,2009,0.792
2844,179,Turkey,2010,1.32
2845,179,Turkey,2011,1.729
2846,179,Turkey,2012,2.261
2847,179,Turkey,2013,2.76
2848,179,Turkey,2014,3.63
2849,179,Turkey,2015,4.503
2850,179,Turkey,2016,5.751
2851,179,Turkey,2017,6.51615
2852,179,Turkey,2018,7.005386000000001
2853,179,Turkey,2019,7.591156
2854,179,Turkey,2020,8.832395
2855,179,Turkey,2021,10.606995
2856,179,Turkey,2022,11.396195
2857,180,Ukraine,2000,0.005
2858,180,Ukraine,2001,0.03623
2859,180,Ukraine,2002,0.04623
2860,180,Ukraine,2003,0.0544
2861,180,Ukraine,2004,0.0714
2862,180,Ukraine,2005,0.0766
2863,180,Ukraine,2006,0.0766
2864,180,Ukraine,2007,0.082
2865,180,Ukraine,2008,0.083
2866,180,Ukraine,2009,0.086
2867,180,Ukraine,2010,0.088
2868,180,Ukraine,2011,0.146
2869,180,Ukraine,2012,0.248
2870,180,Ukraine,2013,0.362
2871,180,Ukraine,2014,0.5139
2872,180,Ukraine,2015,0.5139
2873,180,Ukraine,2016,0.526
2874,180,Ukraine,2017,0.553
2875,180,Ukraine,2018,0.62077
2876,180,Ukraine,2019,1.25777
2877,180,Ukraine,2020,1.402
2878,180,Ukraine,2021,1.761
2879,180,Ukraine,2022,1.761
2880,181,United Arab Emirates,2013,0.00085
2881,181,United Arab Emirates,2014,0.0017
2882,181,United Arab Emirates,2015,0.0017
2883,181,United Arab Emirates,2016,0.0
2884,181,United Arab Emirates,2017,0.0
2885,181,United Arab Emirates,2018,0.0
2886,181,United Arab Emirates,2019,0.0
2887,40,United Kingdom,2000,0.412
2888,40,United Kingdom,2001,0.493
2889,40,United Kingdom,2002,0.534
2890,40,United Kingdom,2003,0.742
2891,40,United Kingdom,2004,0.933
2892,40,United Kingdom,2005,1.565
2893,40,United Kingdom,2006,1.955
2894,40,United Kingdom,2007,2.477
2895,40,United Kingdom,2008,3.446
2896,40,United Kingdom,2009,4.422
2897,40,United Kingdom,2010,5.421
2898,40,United Kingdom,2011,6.596
2899,40,United Kingdom,2012,9.03
2900,40,United Kingdom,2013,11.282
2901,40,United Kingdom,2014,13.074
2902,40,United Kingdom,2015,14.30574
2903,40,United Kingdom,2016,16.12593
2904,40,United Kingdom,2017,19.585
2905,40,United Kingdom,2018,21.60535
2906,40,United Kingdom,2019,23.88196
2907,40,United Kingdom,2020,24.48479
2908,40,United Kingdom,2021,25.73014
2909,40,United Kingdom,2022,28.53734
2910,41,United States,2000,2.377
2911,41,United States,2001,3.86364
2912,41,United States,2002,4.41664
2913,41,United States,2003,5.99519
2914,41,United States,2004,6.4558
2915,41,United States,2005,8.70641
2916,41,United States,2006,11.32879
2917,41,United States,2007,16.5151
2918,41,United States,2008,24.6513
2919,41,United States,2009,34.29580000000001
2920,41,United States,2010,39.349695
2921,41,United States,2011,45.79497
2922,41,United States,2012,59.453300000000006
2923,41,United States,2013,60.198164
2924,41,United States,2014,64.430188
2925,41,United States,2015,72.767234
2926,41,United States,2016,81.50236
2927,41,United States,2017,87.83078
2928,41,United States,2018,94.66619
2929,41,United States,2019,103.835555
2930,41,United States,2020,118.66354
2931,41,United States,2021,133.01928
2932,41,United States,2022,140.86160999999998
2933,182,United States Virgin Islands,2013,0.0001
2934,182,United States Virgin Islands,2014,0.0001
2935,182,United States Virgin Islands,2015,0.0001
2936,182,United States Virgin Islands,2016,0.0001
2937,182,United States Virgin Islands,2017,0.0001
2938,182,United States Virgin Islands,2018,0.0001
2939,182,United States Virgin Islands,2019,0.0001
2940,182,United States Virgin Islands,2020,0.0001
2941,182,United States Virgin Islands,2021,0.0001
2942,182,United States Virgin Islands,2022,0.0001
2943,42,Upper-middle-income countries,2000,0.46150198
2944,42,Upper-middle-income countries,2001,0.536369
2945,42,Upper-middle-income countries,2002,0.609998
2946,42,Upper-middle-income countries,2003,0.718409
2947,42,Upper-middle-income countries,2004,0.978149
2948,42,Upper-middle-income countries,2005,1.284709
2949,42,Upper-middle-income countries,2006,2.6514688
2950,42,Upper-middle-income countries,2007,4.892844
2951,42,Upper-middle-income countries,2008,9.545508
2952,42,Upper-middle-income countries,2009,19.98826
2953,42,Upper-middle-income countries,2010,33.14661
2954,42,Upper-middle-income countries,2011,50.995332000000005
2955,42,Upper-middle-income countries,2012,68.8417
2956,42,Upper-middle-income countries,2013,85.52895
2957,42,Upper-middle-income countries,2014,110.257164
2958,42,Upper-middle-income countries,2015,149.7142
2959,42,Upper-middle-income countries,2016,172.7688
2960,42,Upper-middle-income countries,2017,192.65025
2961,42,Upper-middle-income countries,2018,219.38344
2962,42,Upper-middle-income countries,2019,247.70714
2963,42,Upper-middle-income countries,2020,326.3229
2964,42,Upper-middle-income countries,2021,382.21503
2965,42,Upper-middle-income countries,2022,424.07797
2966,183,Uruguay,2000,0.00015
2967,183,Uruguay,2001,0.00015
2968,183,Uruguay,2002,0.00015
2969,183,Uruguay,2003,0.00015
2970,183,Uruguay,2004,0.00015
2971,183,Uruguay,2005,0.00015
2972,183,Uruguay,2006,0.00015
2973,183,Uruguay,2007,0.00015
2974,183,Uruguay,2008,0.0146
2975,183,Uruguay,2009,0.0306
2976,183,Uruguay,2010,0.0406
2977,183,Uruguay,2011,0.043605
2978,183,Uruguay,2012,0.052605
2979,183,Uruguay,2013,0.059418
2980,183,Uruguay,2014,0.481268
2981,183,Uruguay,2015,0.856756
2982,183,Uruguay,2016,1.211456
2983,183,Uruguay,2017,1.510668
2984,183,Uruguay,2018,1.510668
2985,183,Uruguay,2019,1.513988
2986,183,Uruguay,2020,1.513988
2987,183,Uruguay,2021,1.513988
2988,183,Uruguay,2022,1.513988
2989,184,Uzbekistan,2017,0.00075
2990,184,Uzbekistan,2018,0.00075
2991,184,Uzbekistan,2019,0.00075
2992,184,Uzbekistan,2020,0.00075
2993,184,Uzbekistan,2021,0.00075
2994,184,Uzbekistan,2022,0.00075
2995,185,Vanuatu,2008,0.003025
2996,185,Vanuatu,2009,0.003025
2997,185,Vanuatu,2010,0.003025
2998,185,Vanuatu,2011,0.003025
2999,185,Vanuatu,2012,0.003025
3000,185,Vanuatu,2013,0.003025
3001,185,Vanuatu,2014,0.003575
3002,185,Vanuatu,2015,0.003575
3003,185,Vanuatu,2016,0.003575
3004,185,Vanuatu,2017,0.0033
3005,185,Vanuatu,2018,0.0034
3006,185,Vanuatu,2019,0.0034
3007,185,Vanuatu,2020,0.0034
3008,185,Vanuatu,2021,0.0034
3009,185,Vanuatu,2022,0.0034
3010,186,Venezuela,2012,0.03
3011,186,Venezuela,2013,0.07128
3012,186,Venezuela,2014,0.07128
3013,186,Venezuela,2015,0.07128
3014,186,Venezuela,2016,0.07128
3015,186,Venezuela,2017,0.07128
3016,186,Venezuela,2018,0.07128
3017,186,Venezuela,2019,0.07128
3018,186,Venezuela,2020,0.07128
3019,186,Venezuela,2021,0.07128
3020,186,Venezuela,2022,0.07128
3021,187,Vietnam,2008,0.0013
3022,187,Vietnam,2009,0.0088
3023,187,Vietnam,2010,0.031
3024,187,Vietnam,2011,0.031
3025,187,Vietnam,2012,0.031
3026,187,Vietnam,2013,0.053
3027,187,Vietnam,2014,0.053
3028,187,Vietnam,2015,0.136
3029,187,Vietnam,2016,0.1601999999999999
3030,187,Vietnam,2017,0.2047
3031,187,Vietnam,2018,0.2367
3032,187,Vietnam,2019,0.37455
3033,187,Vietnam,2020,0.518
3034,187,Vietnam,2021,4.118
3035,187,Vietnam,2022,4.628
3036,43,World,2000,16.941523
3037,43,World,2001,23.968645
3038,43,World,2002,30.733092000000003
3039,43,World,2003,38.669957
3040,43,World,2004,47.68421
3041,43,World,2005,58.407555
3042,43,World,2006,73.160484
3043,43,World,2007,91.54141
3044,43,World,2008,115.55784
3045,43,World,2009,150.13958
3046,43,World,2010,181.08266
3047,43,World,2011,220.24127
3048,43,World,2012,267.28878000000003
3049,43,World,2013,300.02678000000003
3050,43,World,2014,349.4662
3051,43,World,2015,416.34712
3052,43,World,2016,467.0285
3053,43,World,2017,514.4229
3054,43,World,2018,564.5129000000001
3055,43,World,2019,620.8413
3056,43,World,2020,731.6555
3057,43,World,2021,824.1709000000001
3058,43,World,2022,898.82425
