,code,entity,year,biofuels_production_-_twh
0,1,Africa (EI),1990,0.30510232
1,1,Africa (EI),1991,0.30510232
2,1,Africa (EI),1992,0.3052903
3,1,Africa (EI),1993,0.068616726
4,1,Africa (EI),1994,0.068616726
5,1,Africa (EI),1995,0.068616726
6,1,Africa (EI),1996,0.06880472
7,1,Africa (EI),1997,0.10292509
8,1,Africa (EI),1998,0.10292509
9,1,Africa (EI),1999,0.068616726
10,1,Africa (EI),2000,0.06880472
11,1,Africa (EI),2001,0.068616726
12,1,Africa (EI),2002,0.24095868
13,1,Africa (EI),2003,0.25171602
14,1,Africa (EI),2004,0.28782016
15,1,Africa (EI),2005,0.2943336
16,1,Africa (EI),2006,0.35644427
17,1,Africa (EI),2007,0.34569514
18,1,Africa (EI),2008,0.37789977
19,1,Africa (EI),2009,0.5937582
20,1,Africa (EI),2010,0.8238056
21,1,Africa (EI),2011,1.1333025
22,1,Africa (EI),2012,1.0127014
23,1,Africa (EI),2013,1.2231607
24,1,Africa (EI),2014,1.2937273
25,1,Africa (EI),2015,1.3539857
26,1,Africa (EI),2016,1.3136797
27,1,Africa (EI),2017,1.2329302
28,1,Africa (EI),2018,0.9895751
29,1,Africa (EI),2019,0.9999594
30,1,Africa (EI),2020,0.9791627
31,1,Africa (EI),2021,0.9594498
32,1,Africa (EI),2022,0.96028215
33,2,Argentina,2000,0.053206038
34,2,Argentina,2001,0.10612133
35,2,Argentina,2002,0.10612133
36,2,Argentina,2003,0.10612133
37,2,Argentina,2004,0.106412075
38,2,Argentina,2005,0.10612133
39,2,Argentina,2006,0.35267237
40,2,Argentina,2007,2.0078583
41,2,Argentina,2008,7.112291
42,2,Argentina,2009,11.965088
43,2,Argentina,2010,19.893946
44,2,Argentina,2011,25.844816
45,2,Argentina,2012,26.502539
46,2,Argentina,2013,23.838686
47,2,Argentina,2014,30.584425
48,2,Argentina,2015,23.461845
49,2,Argentina,2016,32.768284
50,2,Argentina,2017,36.231873
51,2,Argentina,2018,31.703428
52,2,Argentina,2019,28.55003
53,2,Argentina,2020,16.743963
54,2,Argentina,2021,24.716778
55,2,Argentina,2022,27.614145
56,3,Asia,2000,0.99766845
57,3,Asia,2001,1.0823115
58,3,Asia,2002,2.8769586
59,3,Asia,2003,6.005394
60,3,Asia,2004,6.2765636
61,3,Asia,2005,10.155068
62,3,Asia,2006,16.495813
63,3,Asia,2007,22.399572
64,3,Asia,2008,36.214046
65,3,Asia,2009,36.92018
66,3,Asia,2010,40.719894
67,3,Asia,2011,66.270325
68,3,Asia,2012,79.125084
69,3,Asia,2013,95.2556
70,3,Asia,2014,114.39615
71,3,Asia,2015,96.318245
72,3,Asia,2016,110.55877
73,3,Asia,2017,104.26565
74,3,Asia,2018,149.30495
75,3,Asia,2019,191.54884
76,3,Asia,2020,192.24567
77,3,Asia,2021,212.42262
78,3,Asia,2022,238.30185
79,4,Asia Pacific (EI),2000,0.99766845
80,4,Asia Pacific (EI),2001,1.0823116
81,4,Asia Pacific (EI),2002,2.8769584
82,4,Asia Pacific (EI),2003,6.5407166
83,4,Asia Pacific (EI),2004,6.598373
84,4,Asia Pacific (EI),2005,10.475128
85,4,Asia Pacific (EI),2006,17.087873
86,4,Asia Pacific (EI),2007,23.5589
87,4,Asia Pacific (EI),2008,38.09341
88,4,Asia Pacific (EI),2009,39.615307
89,4,Asia Pacific (EI),2010,42.82168
90,4,Asia Pacific (EI),2011,68.81304
91,4,Asia Pacific (EI),2012,81.81849
92,4,Asia Pacific (EI),2013,98.1015
93,4,Asia Pacific (EI),2014,117.3861
94,4,Asia Pacific (EI),2015,98.95857
95,4,Asia Pacific (EI),2016,112.021034
96,4,Asia Pacific (EI),2017,105.50118
97,4,Asia Pacific (EI),2018,150.80849
98,4,Asia Pacific (EI),2019,193.2863
99,4,Asia Pacific (EI),2020,193.70204
100,4,Asia Pacific (EI),2021,213.65396
101,4,Asia Pacific (EI),2022,239.61235
102,5,Australia,2003,0.53532314
103,5,Australia,2004,0.32180902
104,5,Australia,2005,0.32005984
105,5,Australia,2006,0.5920587
106,5,Australia,2007,1.1593293
107,5,Australia,2008,1.8793634
108,5,Australia,2009,2.695126
109,5,Australia,2010,2.101782
110,5,Australia,2011,2.5427177
111,5,Australia,2012,2.6933994
112,5,Australia,2013,2.845892
113,5,Australia,2014,2.9899483
114,5,Australia,2015,2.6403358
115,5,Australia,2016,1.4622647
116,5,Australia,2017,1.2355342
117,5,Australia,2018,1.5035336
118,5,Australia,2019,1.7374655
119,5,Australia,2020,1.4563833
120,5,Australia,2021,1.2313416
121,5,Australia,2022,1.3105061
122,6,Austria,1990,0.073269
123,6,Austria,1991,0.08024701
124,6,Austria,1992,0.08955101
125,6,Austria,1993,0.10118101
126,6,Austria,1994,0.067454
127,6,Austria,1995,0.13025601
128,6,Austria,1996,0.141886
129,6,Austria,1997,0.15351601
130,6,Austria,1998,0.16514601
131,6,Austria,1999,0.181428
132,6,Austria,2000,0.21282415
133,6,Austria,2001,0.21224266
134,6,Austria,2002,0.26530334
135,6,Austria,2003,0.318364
136,6,Austria,2004,0.58526635
137,6,Austria,2005,0.84897065
138,6,Austria,2006,1.273456
139,6,Austria,2007,2.5759044
140,6,Austria,2008,3.0956252
141,6,Austria,2009,4.2849255
142,6,Austria,2010,4.4873886
143,6,Austria,2011,4.459111
144,6,Austria,2012,3.9966114
145,6,Austria,2013,3.540612
146,6,Austria,2014,4.3583813
147,6,Austria,2015,4.8072314
148,6,Austria,2016,4.478492
149,6,Austria,2017,4.4122252
150,6,Austria,2018,4.4226027
151,6,Austria,2019,4.576807
152,6,Austria,2020,4.313216
153,6,Austria,2021,4.479076
154,6,Austria,2022,3.7537894
155,7,Belgium,2005,0.0
156,7,Belgium,2006,0.0
157,7,Belgium,2007,0.0
158,7,Belgium,2008,0.0
159,7,Belgium,2009,1.5663053
160,7,Belgium,2010,4.2494974
161,7,Belgium,2011,4.906837
162,7,Belgium,2012,5.2025642
163,7,Belgium,2013,5.10835
164,7,Belgium,2014,6.688181
165,7,Belgium,2015,4.491274
166,7,Belgium,2016,4.3256507
167,7,Belgium,2017,5.181677
168,7,Belgium,2018,4.935505
169,7,Belgium,2019,5.2234054
170,7,Belgium,2020,5.400577
171,7,Belgium,2021,5.012553
172,7,Belgium,2022,5.641094
173,8,Brazil,1990,68.512
174,8,Brazil,1991,76.815605
175,8,Brazil,1992,70.370445
176,8,Brazil,1993,68.25598
177,8,Brazil,1994,74.95961
178,8,Brazil,1995,76.39262
179,8,Brazil,1996,85.02924
180,8,Brazil,1997,93.43981
181,8,Brazil,1998,85.30479
182,8,Brazil,1999,78.68598
183,8,Brazil,2000,65.01594
184,8,Brazil,2001,69.79248
185,8,Brazil,2002,76.622284
186,8,Brazil,2003,88.292885
187,8,Brazil,2004,89.07529
188,8,Brazil,2005,97.43511
189,8,Brazil,2006,108.2094
190,8,Brazil,2007,139.81993
191,8,Brazil,2008,174.39844
192,8,Brazil,2009,171.59833
193,8,Brazil,2010,189.93903
194,8,Brazil,2011,163.06369
195,8,Brazil,2012,166.94719
196,8,Brazil,2013,193.97246
197,8,Brazil,2014,204.10724
198,8,Brazil,2015,218.91077
199,8,Brazil,2016,206.00305
200,8,Brazil,2017,207.05112
201,8,Brazil,2018,248.83961
202,8,Brazil,2019,266.04663
203,8,Brazil,2020,255.50471
204,8,Brazil,2021,242.87822
205,8,Brazil,2022,254.02217
206,9,CIS (EI),2007,0.0
207,9,CIS (EI),2008,0.07514027
208,9,CIS (EI),2009,0.2347597
209,9,CIS (EI),2010,0.38417032
210,9,CIS (EI),2011,0.30500025
211,9,CIS (EI),2012,0.33200046
212,9,CIS (EI),2013,0.2642092
213,9,CIS (EI),2014,0.2768865
214,9,CIS (EI),2015,0.21853425
215,9,CIS (EI),2016,0.20443296
216,9,CIS (EI),2017,0.2012415
217,9,CIS (EI),2018,0.14124118
218,9,CIS (EI),2019,0.16124128
219,9,CIS (EI),2020,0.0012415495
220,9,CIS (EI),2021,0.0012381574
221,9,CIS (EI),2022,0.0012381574
222,10,Canada,1998,0.0
223,10,Canada,1999,0.5779733
224,10,Canada,2000,1.2613883
225,10,Canada,2001,1.3259386
226,10,Canada,2002,1.3599371
227,10,Canada,2003,1.3599371
228,10,Canada,2004,1.363663
229,10,Canada,2005,1.4959308
230,10,Canada,2006,1.9186431
231,10,Canada,2007,5.599986
232,10,Canada,2008,6.008574
233,10,Canada,2009,8.729076
234,10,Canada,2010,9.353597
235,10,Canada,2011,11.039007
236,10,Canada,2012,10.829854
237,10,Canada,2013,11.604978
238,10,Canada,2014,13.591123
239,10,Canada,2015,13.804804
240,10,Canada,2016,14.523844
241,10,Canada,2017,13.846189
242,10,Canada,2018,13.150651
243,10,Canada,2019,14.46241
244,10,Canada,2020,13.642357
245,10,Canada,2021,13.512146
246,10,Canada,2022,13.268367
247,11,China,2001,0.053060666
248,11,China,2002,1.7684788
249,11,China,2003,4.8562317
250,11,China,2004,5.965346
251,11,China,2005,8.368024
252,11,China,2006,12.231146
253,11,China,2007,13.484257
254,11,China,2008,16.73106
255,11,China,2009,18.286425
256,11,China,2010,17.774601
257,11,China,2011,22.119545
258,11,China,2012,23.6831
259,11,China,2013,26.36082
260,11,China,2014,29.278551
261,11,China,2015,24.932436
262,11,China,2016,23.978706
263,11,China,2017,19.510063
264,11,China,2018,27.065264
265,11,China,2019,33.079388
266,11,China,2020,35.036037
267,11,China,2021,36.013332
268,11,China,2022,41.21564
269,12,Colombia,2005,0.17154181
270,12,Colombia,2006,1.5707598
271,12,Colombia,2007,1.6889794
272,12,Colombia,2008,1.7494819
273,12,Colombia,2009,3.6427002
274,12,Colombia,2010,5.2514305
275,12,Colombia,2011,6.6385684
276,12,Colombia,2012,7.2798066
277,12,Colombia,2013,7.537293
278,12,Colombia,2014,7.836902
279,12,Colombia,2015,8.0241995
280,12,Colombia,2016,7.806002
281,12,Colombia,2017,7.153719
282,12,Colombia,2018,8.936951
283,12,Colombia,2019,7.9765267
284,12,Colombia,2020,7.4975457
285,12,Colombia,2021,9.363568
286,12,Colombia,2022,9.447338
287,13,Europe,1990,0.073269
288,13,Europe,1991,0.08024701
289,13,Europe,1992,0.20241645
290,13,Europe,1993,0.5027869
291,13,Europe,1994,1.4007674
292,13,Europe,1995,2.4745853
293,13,Europe,1996,3.5902176
294,13,Europe,1997,4.5907125
295,13,Europe,1998,4.3727264
296,13,Europe,1999,5.005116
297,13,Europe,2000,8.130677
298,13,Europe,2001,10.038444
299,13,Europe,2002,13.413472
300,13,Europe,2003,16.92991
301,13,Europe,2004,25.336973
302,13,Europe,2005,34.696896
303,13,Europe,2006,51.08912
304,13,Europe,2007,69.78802
305,13,Europe,2008,89.99011
306,13,Europe,2009,110.51828
307,13,Europe,2010,126.23996
308,13,Europe,2011,124.15283
309,13,Europe,2012,133.87813
310,13,Europe,2013,143.77066
311,13,Europe,2014,158.32713
312,13,Europe,2015,157.28038
313,13,Europe,2016,154.65628
314,13,Europe,2017,175.09253
315,13,Europe,2018,186.15605
316,13,Europe,2019,192.48775
317,13,Europe,2020,184.9149
318,13,Europe,2021,185.33606
319,13,Europe,2022,184.65436
320,14,Europe (EI),1990,0.073269
321,14,Europe (EI),1991,0.08024701
322,14,Europe (EI),1992,0.20241645
323,14,Europe (EI),1993,0.5027869
324,14,Europe (EI),1994,1.4007674
325,14,Europe (EI),1995,2.4745853
326,14,Europe (EI),1996,3.5902174
327,14,Europe (EI),1997,4.590713
328,14,Europe (EI),1998,4.372727
329,14,Europe (EI),1999,5.005116
330,14,Europe (EI),2000,8.130677
331,14,Europe (EI),2001,10.038444
332,14,Europe (EI),2002,13.413472
333,14,Europe (EI),2003,16.92991
334,14,Europe (EI),2004,25.336973
335,14,Europe (EI),2005,34.696896
336,14,Europe (EI),2006,51.08912
337,14,Europe (EI),2007,69.78802
338,14,Europe (EI),2008,89.99011
339,14,Europe (EI),2009,110.51828
340,14,Europe (EI),2010,126.23995
341,14,Europe (EI),2011,124.15284
342,14,Europe (EI),2012,133.87813
343,14,Europe (EI),2013,143.77066
344,14,Europe (EI),2014,158.32713
345,14,Europe (EI),2015,157.28038
346,14,Europe (EI),2016,154.65628
347,14,Europe (EI),2017,175.09253
348,14,Europe (EI),2018,186.15605
349,14,Europe (EI),2019,192.48773
350,14,Europe (EI),2020,184.9149
351,14,Europe (EI),2021,185.33606
352,14,Europe (EI),2022,184.65436
353,15,European Union (27),1990,0.073269
354,15,European Union (27),1991,0.08024701
355,15,European Union (27),1992,0.20241645
356,15,European Union (27),1993,0.5027869
357,15,European Union (27),1994,1.4007674
358,15,European Union (27),1995,2.4745853
359,15,European Union (27),1996,3.5902174
360,15,European Union (27),1997,4.5737877
361,15,European Union (27),1998,4.357512
362,15,European Union (27),1999,4.990824
363,15,European Union (27),2000,8.11399
364,15,European Union (27),2001,10.020732
365,15,European Union (27),2002,13.365415
366,15,European Union (27),2003,16.802538
367,15,European Union (27),2004,25.14848
368,15,European Union (27),2005,34.490265
369,15,European Union (27),2006,48.048195
370,15,European Union (27),2007,64.91205
371,15,European Union (27),2008,85.80525
372,15,European Union (27),2009,107.34035
373,15,European Union (27),2010,122.75217
374,15,European Union (27),2011,120.90015
375,15,European Union (27),2012,129.33157
376,15,European Union (27),2013,136.48877
377,15,European Union (27),2014,152.69794
378,15,European Union (27),2015,152.30855
379,15,European Union (27),2016,146.38408
380,15,European Union (27),2017,163.73619
381,15,European Union (27),2018,175.20374
382,15,European Union (27),2019,182.18463
383,15,European Union (27),2020,176.17438
384,15,European Union (27),2021,176.55339
385,15,European Union (27),2022,175.39148
386,16,Finland,1990,0.0
387,16,Finland,1991,0.0
388,16,Finland,1992,0.0
389,16,Finland,1993,0.0
390,16,Finland,1994,0.0
391,16,Finland,1995,0.0
392,16,Finland,1996,0.0
393,16,Finland,1997,0.0
394,16,Finland,1998,0.0
395,16,Finland,1999,0.0
396,16,Finland,2000,0.0
397,16,Finland,2001,0.0
398,16,Finland,2002,0.0
399,16,Finland,2003,0.0
400,16,Finland,2004,0.0
401,16,Finland,2005,0.0
402,16,Finland,2006,0.0
403,16,Finland,2007,0.4330306
404,16,Finland,2008,0.9916351
405,16,Finland,2009,2.6928995
406,16,Finland,2010,3.5050526
407,16,Finland,2011,2.416091
408,16,Finland,2012,3.0660772
409,16,Finland,2013,3.8445332
410,16,Finland,2014,4.2955194
411,16,Finland,2015,5.149225
412,16,Finland,2016,1.368601
413,16,Finland,2017,3.6970763
414,16,Finland,2018,3.483499
415,16,Finland,2019,4.3599553
416,16,Finland,2020,4.12426
417,16,Finland,2021,4.5714164
418,16,Finland,2022,4.583335
419,17,France,1992,0.026248911
420,17,France,1993,0.29237822
421,17,France,1994,0.9494267
422,17,France,1995,1.8613816
423,17,France,1996,2.6785522
424,17,France,1997,3.2066004
425,17,France,1998,2.9976673
426,17,France,1999,3.1512532
427,17,France,2000,3.7758658
428,17,France,2001,3.766899
429,17,France,2002,4.034773
430,17,France,2003,4.430088
431,17,France,2004,4.643859
432,17,France,2005,7.5016994
433,17,France,2006,7.8661137
434,17,France,2007,13.113837
435,17,France,2008,24.178934
436,17,France,2009,27.055717
437,17,France,2010,26.374876
438,17,France,2011,26.244074
439,17,France,2012,30.628036
440,17,France,2013,28.553373
441,17,France,2014,28.88099
442,17,France,2015,30.707294
443,17,France,2016,28.094324
444,17,France,2017,27.349377
445,17,France,2018,31.011723
446,17,France,2019,28.762793
447,17,France,2020,26.882748
448,17,France,2021,22.463299
449,17,France,2022,21.680595
450,18,Germany,1992,0.051672094
451,18,Germany,1993,0.051672094
452,18,Germany,1994,0.28933117
453,18,Germany,1995,0.36166975
454,18,Germany,1996,0.5683349
455,18,Germany,1997,0.93000466
456,18,Germany,1998,1.0333371
457,18,Germany,1999,1.3433348
458,18,Germany,2000,2.5833373
459,18,Germany,2001,3.6166627
460,18,Germany,2002,5.683337
461,18,Germany,2003,6.912907
462,18,Germany,2004,10.579199
463,18,Germany,2005,16.176365
464,18,Germany,2006,26.602173
465,18,Germany,2007,33.02326
466,18,Germany,2008,29.390697
467,18,Germany,2009,29.409876
468,18,Germany,2010,36.44826
469,18,Germany,2011,35.813656
470,18,Germany,2012,33.560238
471,18,Germany,2013,35.74399
472,18,Germany,2014,39.94682
473,18,Germany,2015,36.8279
474,18,Germany,2016,37.24675
475,18,Germany,2017,38.017647
476,18,Germany,2018,39.059742
477,18,Germany,2019,40.795673
478,18,Germany,2020,39.174717
479,18,Germany,2021,40.72917
480,18,Germany,2022,38.26378
481,19,High-income countries,1990,16.806011
482,19,High-income countries,1991,19.46898
483,19,High-income countries,1992,22.212196
484,19,High-income countries,1993,26.278957
485,19,High-income countries,1994,30.152496
486,19,High-income countries,1995,32.73736
487,19,High-income countries,1996,25.175053
488,19,High-income countries,1997,33.122307
489,19,High-income countries,1998,35.640472
490,19,High-income countries,1999,38.040565
491,19,High-income countries,2000,44.99236
492,19,High-income countries,2001,49.741627
493,19,High-income countries,2002,61.50691
494,19,High-income countries,2003,80.4194
495,19,High-income countries,2004,102.41825
496,19,High-income countries,2005,124.34452
497,19,High-income countries,2006,168.0563
498,19,High-income countries,2007,235.18973
499,19,High-income countries,2008,321.8785
500,19,High-income countries,2009,375.95532
501,19,High-income countries,2010,439.4766
502,19,High-income countries,2011,475.80948
503,19,High-income countries,2012,468.32898
504,19,High-income countries,2013,494.81042
505,19,High-income countries,2014,533.2145
506,19,High-income countries,2015,542.6811
507,19,High-income countries,2016,564.73285
508,19,High-income countries,2017,596.4682
509,19,High-income countries,2018,622.0543
510,19,High-income countries,2019,621.8761
511,19,High-income countries,2020,577.32434
512,19,High-income countries,2021,607.7986
513,19,High-income countries,2022,631.7762
514,20,India,2000,0.99766845
515,20,India,2001,1.0292509
516,20,India,2002,1.0978676
517,20,India,2003,1.1321759
518,20,India,2004,0.22170524
519,20,India,2005,0.91569704
520,20,India,2006,0.8263303
521,20,India,2007,1.1078416
522,20,India,2008,1.7061034
523,20,India,2009,1.306545
524,20,India,2010,2.1186633
525,20,India,2011,3.0859628
526,20,India,2012,2.9523408
527,20,India,2013,2.8032336
528,20,India,2014,3.0561519
529,20,India,2015,6.0190334
530,20,India,2016,7.342049
531,20,India,2017,6.7121634
532,20,India,2018,11.499807
533,20,India,2019,12.9695425
534,20,India,2020,14.326985
535,20,India,2021,21.628881
536,20,India,2022,26.92458
537,21,Indonesia,2005,0.10277779
538,21,Indonesia,2006,0.5138889
539,21,Indonesia,2007,2.525499
540,21,Indonesia,2008,5.1463327
541,21,Indonesia,2009,1.749109
542,21,Indonesia,2010,2.2396321
543,21,Indonesia,2011,16.585947
544,21,Indonesia,2012,20.319769
545,21,Indonesia,2013,25.659634
546,21,Indonesia,2014,36.324234
547,21,Indonesia,2015,14.81855
548,21,Indonesia,2016,33.429016
549,21,Indonesia,2017,31.234552
550,21,Indonesia,2018,56.39775
551,21,Indonesia,2019,76.797134
552,21,Indonesia,2020,78.586044
553,21,Indonesia,2021,93.6305
554,21,Indonesia,2022,108.223694
555,22,Italy,1992,0.0
556,22,Italy,1993,0.0
557,22,Italy,1994,0.0
558,22,Italy,1995,0.0
559,22,Italy,1996,0.0
560,22,Italy,1997,0.0
561,22,Italy,1998,0.0
562,22,Italy,1999,0.0
563,22,Italy,2000,0.0
564,22,Italy,2001,0.0
565,22,Italy,2002,0.0
566,22,Italy,2003,0.0
567,22,Italy,2004,2.9394476
568,22,Italy,2005,2.055556
569,22,Italy,2006,2.2919476
570,22,Italy,2007,2.0761063
571,22,Italy,2008,7.2792873
572,22,Italy,2009,8.685807
573,22,Italy,2010,9.046454
574,22,Italy,2011,6.8204136
575,22,Italy,2012,3.6217334
576,22,Italy,2013,5.3124213
577,22,Italy,2014,5.963248
578,22,Italy,2015,6.031551
579,22,Italy,2016,6.093992
580,22,Italy,2017,7.3116417
581,22,Italy,2018,7.8877335
582,22,Italy,2019,9.075994
583,22,Italy,2020,10.746551
584,22,Italy,2021,12.830601
585,22,Italy,2022,11.609047
586,23,Lower-middle-income countries,2000,0.99766845
587,23,Lower-middle-income countries,2001,1.0292509
588,23,Lower-middle-income countries,2002,1.0978676
589,23,Lower-middle-income countries,2003,1.1321759
590,23,Lower-middle-income countries,2004,0.22170524
591,23,Lower-middle-income countries,2005,1.0184748
592,23,Lower-middle-income countries,2006,1.3402193
593,23,Lower-middle-income countries,2007,3.6333408
594,23,Lower-middle-income countries,2008,6.852436
595,23,Lower-middle-income countries,2009,3.055654
596,23,Lower-middle-income countries,2010,4.3582954
597,23,Lower-middle-income countries,2011,19.67191
598,23,Lower-middle-income countries,2012,23.27211
599,23,Lower-middle-income countries,2013,28.462868
600,23,Lower-middle-income countries,2014,39.380386
601,23,Lower-middle-income countries,2015,20.837584
602,23,Lower-middle-income countries,2016,40.771065
603,23,Lower-middle-income countries,2017,37.946716
604,23,Lower-middle-income countries,2018,67.89756
605,23,Lower-middle-income countries,2019,89.76668
606,23,Lower-middle-income countries,2020,92.91303
607,23,Lower-middle-income countries,2021,115.259384
608,23,Lower-middle-income countries,2022,135.14827
609,24,Mexico,2007,0.0
610,24,Mexico,2008,0.0
611,24,Mexico,2009,0.0
612,24,Mexico,2010,0.0
613,24,Mexico,2011,0.0
614,24,Mexico,2012,0.0
615,24,Mexico,2013,0.0
616,24,Mexico,2014,0.0
617,24,Mexico,2015,0.0
618,24,Mexico,2016,0.1182428
619,24,Mexico,2017,0.17736419
620,24,Mexico,2018,0.295607
621,24,Mexico,2019,0.295607
622,24,Mexico,2020,0.2364856
623,24,Mexico,2021,0.35472837
624,24,Mexico,2022,0.4138498
625,25,Middle East (EI),2002,0.047060635
626,25,Middle East (EI),2003,0.054391686
627,25,Middle East (EI),2004,0.03293062
628,25,Middle East (EI),2005,0.0
629,25,Middle East (EI),2006,0.0
630,25,Middle East (EI),2007,0.0
631,25,Middle East (EI),2008,0.0
632,25,Middle East (EI),2009,0.1359678
633,25,Middle East (EI),2010,0.13005614
634,25,Middle East (EI),2011,0.1418795
635,25,Middle East (EI),2012,0.15412395
636,25,Middle East (EI),2013,0.16552618
637,25,Middle East (EI),2014,0.17734954
638,25,Middle East (EI),2015,0.18917254
639,25,Middle East (EI),2016,0.17783542
640,25,Middle East (EI),2017,0.0
641,25,Middle East (EI),2018,0.0
642,25,Middle East (EI),2019,0.0
643,25,Middle East (EI),2020,0.0
644,25,Middle East (EI),2021,0.0
645,25,Middle East (EI),2022,0.0
646,26,Netherlands,2004,0.06880472
647,26,Netherlands,2005,0.034308363
648,26,Netherlands,2006,0.2718889
649,26,Netherlands,2007,0.9480556
650,26,Netherlands,2008,0.9051667
651,26,Netherlands,2009,2.816111
652,26,Netherlands,2010,4.511413
653,26,Netherlands,2011,7.695028
654,26,Netherlands,2012,14.698287
655,26,Netherlands,2013,17.213945
656,26,Netherlands,2014,20.730371
657,26,Netherlands,2015,19.810902
658,26,Netherlands,2016,17.645191
659,26,Netherlands,2017,22.894236
660,26,Netherlands,2018,21.969234
661,26,Netherlands,2019,23.299513
662,26,Netherlands,2020,23.195408
663,26,Netherlands,2021,24.061457
664,26,Netherlands,2022,24.114965
665,27,Non-OECD (EI),1990,69.62396
666,27,Non-OECD (EI),1991,77.912674
667,27,Non-OECD (EI),1992,71.42484
668,27,Non-OECD (EI),1993,68.920845
669,27,Non-OECD (EI),1994,75.57781
670,27,Non-OECD (EI),1995,76.95751
671,27,Non-OECD (EI),1996,85.56268
672,27,Non-OECD (EI),1997,93.96398
673,27,Non-OECD (EI),1998,85.7545
674,27,Non-OECD (EI),1999,79.14958
675,27,Non-OECD (EI),2000,66.51583
676,27,Non-OECD (EI),2001,71.41275
677,27,Non-OECD (EI),2002,80.950096
678,27,Non-OECD (EI),2003,95.99225
679,27,Non-OECD (EI),2004,96.917435
680,27,Non-OECD (EI),2005,109.46907
681,27,Non-OECD (EI),2006,128.0956
682,27,Non-OECD (EI),2007,167.8366
683,27,Non-OECD (EI),2008,222.1286
684,27,Non-OECD (EI),2009,221.2881
685,27,Non-OECD (EI),2010,250.13086
686,27,Non-OECD (EI),2011,256.17773
687,27,Non-OECD (EI),2012,273.62595
688,27,Non-OECD (EI),2013,315.45776
689,27,Non-OECD (EI),2014,351.98987
690,27,Non-OECD (EI),2015,341.31183
691,27,Non-OECD (EI),2016,352.73877
692,27,Non-OECD (EI),2017,350.69055
693,27,Non-OECD (EI),2018,430.90738
694,27,Non-OECD (EI),2019,489.27246
695,27,Non-OECD (EI),2020,466.88025
696,27,Non-OECD (EI),2021,484.2828
697,27,Non-OECD (EI),2022,524.82117
698,28,North America,1990,16.732742
699,28,North America,1991,19.388733
700,28,North America,1992,22.044724
701,28,North America,1993,25.833727
702,28,North America,1994,28.846285
703,28,North America,1995,30.38405
704,28,North America,1996,21.78628
705,28,North America,1997,28.832184
706,28,North America,1998,31.44432
707,28,North America,1999,33.364548
708,28,North America,2000,37.569035
709,28,North America,2001,41.127228
710,28,North America,2002,49.619167
711,28,North America,2003,64.61445
712,28,North America,2004,78.52306
713,28,North America,2005,92.01743
714,28,North America,2006,119.89806
715,28,North America,2007,168.49422
716,28,North America,2008,237.80823
717,28,North America,2009,271.36905
718,28,North America,2010,318.84683
719,28,North America,2011,358.40552
720,28,North America,2012,342.75143
721,28,North America,2013,360.0692
722,28,North America,2014,383.6866
723,28,North America,2015,395.03726
724,28,North America,2016,422.27722
725,28,North America,2017,434.90955
726,28,North America,2018,448.49277
727,28,North America,2019,444.6836
728,28,North America,2020,407.31808
729,28,North America,2021,439.05228
730,28,North America,2022,465.51224
731,29,North America (EI),1990,16.732742
732,29,North America (EI),1991,19.388733
733,29,North America (EI),1992,22.044724
734,29,North America (EI),1993,25.833727
735,29,North America (EI),1994,28.846285
736,29,North America (EI),1995,30.38405
737,29,North America (EI),1996,21.78628
738,29,North America (EI),1997,28.832184
739,29,North America (EI),1998,31.44432
740,29,North America (EI),1999,33.36455
741,29,North America (EI),2000,37.569035
742,29,North America (EI),2001,41.127228
743,29,North America (EI),2002,49.619167
744,29,North America (EI),2003,64.61445
745,29,North America (EI),2004,78.52307
746,29,North America (EI),2005,92.01743
747,29,North America (EI),2006,119.89807
748,29,North America (EI),2007,168.49422
749,29,North America (EI),2008,237.80823
750,29,North America (EI),2009,271.36905
751,29,North America (EI),2010,318.8468
752,29,North America (EI),2011,358.40555
753,29,North America (EI),2012,342.7514
754,29,North America (EI),2013,360.06918
755,29,North America (EI),2014,383.6866
756,29,North America (EI),2015,395.03726
757,29,North America (EI),2016,422.27725
758,29,North America (EI),2017,434.90952
759,29,North America (EI),2018,448.49277
760,29,North America (EI),2019,444.68356
761,29,North America (EI),2020,407.3181
762,29,North America (EI),2021,439.05225
763,29,North America (EI),2022,465.5122
764,30,OECD (EI),1990,16.962345
765,30,OECD (EI),1991,19.498758
766,30,OECD (EI),1992,22.26203
767,30,OECD (EI),1993,26.366293
768,30,OECD (EI),1994,30.26194
769,30,OECD (EI),1995,32.866077
770,30,OECD (EI),1996,25.41372
771,30,OECD (EI),1997,33.43034
772,30,OECD (EI),1998,35.817047
773,30,OECD (EI),1999,38.369663
774,30,OECD (EI),2000,45.699715
775,30,OECD (EI),2001,51.165672
776,30,OECD (EI),2002,63.090313
777,30,OECD (EI),2003,82.258125
778,30,OECD (EI),2004,104.34116
779,30,OECD (EI),2005,127.55211
780,30,OECD (EI),2006,173.80693
781,30,OECD (EI),2007,241.99387
782,30,OECD (EI),2008,332.90884
783,30,OECD (EI),2009,390.5459
784,30,OECD (EI),2010,456.0805
785,30,OECD (EI),2011,494.2984
786,30,OECD (EI),2012,489.21628
787,30,OECD (EI),2013,516.1858
788,30,OECD (EI),2014,555.26636
789,30,OECD (EI),2015,565.7143
790,30,OECD (EI),2016,588.6931
791,30,OECD (EI),2017,620.44556
792,30,OECD (EI),2018,649.78046
793,30,OECD (EI),2019,650.5136
794,30,OECD (EI),2020,604.84094
795,30,OECD (EI),2021,637.4395
796,30,OECD (EI),2022,662.3832
797,31,Oceania,2003,0.53532314
798,31,Oceania,2004,0.32180902
799,31,Oceania,2005,0.32005984
800,31,Oceania,2006,0.5920587
801,31,Oceania,2007,1.1593293
802,31,Oceania,2008,1.8793634
803,31,Oceania,2009,2.695126
804,31,Oceania,2010,2.101782
805,31,Oceania,2011,2.5427177
806,31,Oceania,2012,2.6933994
807,31,Oceania,2013,2.845892
808,31,Oceania,2014,2.9899483
809,31,Oceania,2015,2.6403358
810,31,Oceania,2016,1.4622647
811,31,Oceania,2017,1.2355342
812,31,Oceania,2018,1.5035336
813,31,Oceania,2019,1.7374655
814,31,Oceania,2020,1.4563833
815,31,Oceania,2021,1.2313416
816,31,Oceania,2022,1.3105061
817,32,Poland,2003,0.34308362
818,32,Poland,2004,0.06880472
819,32,Poland,2005,1.3228952
820,32,Poland,2006,1.7473806
821,32,Poland,2007,1.1637132
822,32,Poland,2008,3.3347955
823,32,Poland,2009,4.697668
824,32,Poland,2010,5.0410247
825,32,Poland,2011,4.7568064
826,32,Poland,2012,7.505673
827,32,Poland,2013,8.02146
828,32,Poland,2014,8.657344
829,32,Poland,2015,9.3839445
830,32,Poland,2016,10.681111
831,32,Poland,2017,10.640032
832,32,Poland,2018,10.500066
833,32,Poland,2019,11.371846
834,32,Poland,2020,11.306278
835,32,Poland,2021,12.020443
836,32,Poland,2022,12.443199
837,33,Portugal,2005,0.010612134
838,33,Portugal,2006,0.81772375
839,33,Portugal,2007,1.8858279
840,33,Portugal,2008,1.732905
841,33,Portugal,2009,2.6254027
842,33,Portugal,2010,3.3028038
843,33,Portugal,2011,3.8410752
844,33,Portugal,2012,3.2053096
845,33,Portugal,2013,3.1913304
846,33,Portugal,2014,3.5031424
847,33,Portugal,2015,3.7294853
848,33,Portugal,2016,3.4632165
849,33,Portugal,2017,3.6766038
850,33,Portugal,2018,3.8038125
851,33,Portugal,2019,4.1115193
852,33,Portugal,2020,3.4916983
853,33,Portugal,2021,3.3248775
854,33,Portugal,2022,3.761316
855,34,South America,1990,68.68726
856,34,South America,1991,77.01145
857,34,South America,1992,70.58374
858,34,South America,1993,68.457184
859,34,South America,1994,75.101616
860,34,South America,1995,76.50857
861,34,South America,1996,85.117744
862,34,South America,1997,93.4747
863,34,South America,1998,85.330956
864,34,South America,1999,78.76809
865,34,South America,2000,65.082985
866,34,South America,2001,69.9036
867,34,South America,2002,76.84035
868,34,South America,2003,88.618126
869,34,South America,2004,89.44816
870,34,South America,2005,98.19955
871,34,South America,2006,110.738235
872,34,South America,2007,144.41833
873,34,South America,2008,184.2704
874,34,South America,2009,188.51596
875,34,South America,2010,216.51135
876,34,South America,2011,197.08432
877,34,South America,2012,202.29993
878,34,South America,2013,227.34117
879,34,South America,2014,245.1953
880,34,South America,2015,253.49702
881,34,South America,2016,249.69498
882,34,South America,2017,253.73409
883,34,South America,2018,293.62595
884,34,South America,2019,307.66998
885,34,South America,2020,284.31256
886,34,South America,2021,282.2457
887,34,South America,2022,296.0048
888,35,South Korea,2002,0.010612134
889,35,South Korea,2003,0.01686995
890,35,South Korea,2004,0.053947262
891,35,South Korea,2005,0.13318573
892,35,South Korea,2006,0.5301919
893,35,South Korea,2007,0.96652466
894,35,South Korea,2008,2.0659766
895,35,South Korea,2009,2.9562182
896,35,South Korea,2010,4.14984
897,35,South Korea,2011,3.9083083
898,35,South Korea,2012,4.1858234
899,35,South Korea,2013,4.2924123
900,35,South Korea,2014,4.5089397
901,35,South Korea,2015,5.132843
902,35,South Korea,2016,5.15045
903,35,South Korea,2017,4.978256
904,35,South Korea,2018,7.9460115
905,35,South Korea,2019,8.137663
906,35,South Korea,2020,8.0242
907,35,South Korea,2021,6.9439006
908,35,South Korea,2022,7.328577
909,36,South and Central America (EI),1990,69.4752
910,36,South and Central America (EI),1991,77.63735
911,36,South and Central America (EI),1992,71.134445
912,36,South and Central America (EI),1993,68.88201
913,36,South and Central America (EI),1994,75.524086
914,36,South and Central America (EI),1995,76.89633
915,36,South and Central America (EI),1996,85.5311
916,36,South and Central America (EI),1997,93.86851
917,36,South and Central America (EI),1998,85.65157
918,36,South and Central America (EI),1999,79.08096
919,36,South and Central America (EI),2000,65.44936
920,36,South and Central America (EI),2001,70.26182
921,36,South and Central America (EI),2002,77.84278
922,36,South and Central America (EI),2003,89.85919
923,36,South and Central America (EI),2004,90.47944
924,36,South and Central America (EI),2005,99.537384
925,36,South and Central America (EI),2006,113.471016
926,36,South and Central America (EI),2007,147.64365
927,36,South and Central America (EI),2008,188.69267
928,36,South and Central America (EI),2009,189.36688
929,36,South and Central America (EI),2010,216.9649
930,36,South and Central America (EI),2011,197.52454
931,36,South and Central America (EI),2012,202.89539
932,36,South and Central America (EI),2013,228.04929
933,36,South and Central America (EI),2014,246.10841
934,36,South and Central America (EI),2015,253.98819
935,36,South and Central America (EI),2016,250.78139
936,36,South and Central America (EI),2017,254.19876
937,36,South and Central America (EI),2018,294.09973
938,36,South and Central America (EI),2019,308.1673
939,36,South and Central America (EI),2020,284.80576
940,36,South and Central America (EI),2021,282.71936
941,36,South and Central America (EI),2022,296.4639
942,37,Spain,1992,0.0
943,37,Spain,1993,0.0
944,37,Spain,1994,0.0
945,37,Spain,1995,0.0
946,37,Spain,1996,0.0
947,37,Spain,1997,0.0
948,37,Spain,1998,0.0
949,37,Spain,1999,0.0
950,37,Spain,2000,0.8512966
951,37,Spain,2001,0.84897065
952,37,Spain,2002,1.4820772
953,37,Spain,2003,2.0904644
954,37,Spain,2004,2.546627
955,37,Spain,2005,3.4133594
956,37,Spain,2006,3.0383132
957,37,Spain,2007,4.2587085
958,37,Spain,2008,4.352001
959,37,Spain,2009,10.473662
960,37,Spain,2010,11.731279
961,37,Spain,2011,9.74439
962,37,Spain,2012,7.081611
963,37,Spain,2013,8.566668
964,37,Spain,2014,11.827223
965,37,Spain,2015,12.883057
966,37,Spain,2016,13.852012
967,37,Spain,2017,21.54365
968,37,Spain,2018,25.122385
969,37,Spain,2019,24.215782
970,37,Spain,2020,20.759724
971,37,Spain,2021,19.141012
972,37,Spain,2022,19.385002
973,38,Sweden,2001,0.16962355
974,38,Sweden,2002,0.37980092
975,38,Sweden,2003,1.0517359
976,38,Sweden,2004,1.9810077
977,38,Sweden,2005,0.41834274
978,38,Sweden,2006,0.47564375
979,38,Sweden,2007,0.5703469
980,38,Sweden,2008,1.5406611
981,38,Sweden,2009,2.1265109
982,38,Sweden,2010,2.411469
983,38,Sweden,2011,2.2329485
984,38,Sweden,2012,2.649477
985,38,Sweden,2013,2.646395
986,38,Sweden,2014,2.648314
987,38,Sweden,2015,2.544423
988,38,Sweden,2016,2.4066658
989,38,Sweden,2017,2.1583188
990,38,Sweden,2018,4.238693
991,38,Sweden,2019,5.0010166
992,38,Sweden,2020,4.8916016
993,38,Sweden,2021,5.8893976
994,38,Sweden,2022,6.2135935
995,39,Thailand,2004,0.03440236
996,39,Thailand,2005,0.62394303
997,39,Thailand,2006,0.96702665
998,39,Thailand,2007,1.6659789
999,39,Thailand,2008,6.0350504
1000,39,Thailand,2009,7.4379945
1001,39,Thailand,2010,9.69942
1002,39,Thailand,2011,10.68797
1003,39,Thailand,2012,14.642171
1004,39,Thailand,2013,18.71267
1005,39,Thailand,2014,20.92237
1006,39,Thailand,2015,22.57383
1007,39,Thailand,2016,20.259462
1008,39,Thailand,2017,22.43427
1009,39,Thailand,2018,24.55093
1010,39,Thailand,2019,27.458431
1011,39,Thailand,2020,27.656141
1012,39,Thailand,2021,24.481152
1013,39,Thailand,2022,22.398031
1014,40,United Kingdom,2002,0.031836398
1015,40,United Kingdom,2003,0.10612133
1016,40,United Kingdom,2004,0.106412075
1017,40,United Kingdom,2005,0.09173745
1018,40,United Kingdom,2006,2.6513376
1019,40,United Kingdom,2007,4.5208836
1020,40,United Kingdom,2008,3.323238
1021,40,United Kingdom,2009,2.5000198
1022,40,United Kingdom,2010,3.2686234
1023,40,United Kingdom,2011,2.0225036
1024,40,United Kingdom,2012,3.48272
1025,40,United Kingdom,2013,5.8598223
1026,40,United Kingdom,2014,4.529478
1027,40,United Kingdom,2015,3.5043516
1028,40,United Kingdom,2016,6.30517
1029,40,United Kingdom,2017,8.639753
1030,40,United Kingdom,2018,7.9726562
1031,40,United Kingdom,2019,6.8186812
1032,40,United Kingdom,2020,6.475377
1033,40,United Kingdom,2021,6.4024935
1034,40,United Kingdom,2022,6.5890055
1035,41,United States,1990,16.732742
1036,41,United States,1991,19.388733
1037,41,United States,1992,22.044724
1038,41,United States,1993,25.833727
1039,41,United States,1994,28.846285
1040,41,United States,1995,30.38405
1041,41,United States,1996,21.78628
1042,41,United States,1997,28.832184
1043,41,United States,1998,31.44432
1044,41,United States,1999,32.786575
1045,41,United States,2000,36.307648
1046,41,United States,2001,39.80129
1047,41,United States,2002,48.25923
1048,41,United States,2003,63.254513
1049,41,United States,2004,77.1594
1050,41,United States,2005,90.5215
1051,41,United States,2006,117.97942
1052,41,United States,2007,162.89423
1053,41,United States,2008,231.79965
1054,41,United States,2009,262.63998
1055,41,United States,2010,309.49323
1056,41,United States,2011,347.36652
1057,41,United States,2012,331.92157
1058,41,United States,2013,348.46423
1059,41,United States,2014,370.0955
1060,41,United States,2015,381.23245
1061,41,United States,2016,407.63513
1062,41,United States,2017,420.886
1063,41,United States,2018,435.0465
1064,41,United States,2019,429.92557
1065,41,United States,2020,393.43924
1066,41,United States,2021,425.1854
1067,41,United States,2022,451.83002
1068,42,Upper-middle-income countries,1990,68.512
1069,42,Upper-middle-income countries,1991,76.815605
1070,42,Upper-middle-income countries,1992,70.370445
1071,42,Upper-middle-income countries,1993,68.25598
1072,42,Upper-middle-income countries,1994,74.95961
1073,42,Upper-middle-income countries,1995,76.39262
1074,42,Upper-middle-income countries,1996,85.02924
1075,42,Upper-middle-income countries,1997,93.43981
1076,42,Upper-middle-income countries,1998,85.30479
1077,42,Upper-middle-income countries,1999,78.68598
1078,42,Upper-middle-income countries,2000,65.069145
1079,42,Upper-middle-income countries,2001,69.95167
1080,42,Upper-middle-income countries,2002,78.49689
1081,42,Upper-middle-income countries,2003,93.25524
1082,42,Upper-middle-income countries,2004,95.18145
1083,42,Upper-middle-income countries,2005,106.70474
1084,42,Upper-middle-income countries,2006,123.33099
1085,42,Upper-middle-income countries,2007,158.667
1086,42,Upper-middle-income countries,2008,206.02632
1087,42,Upper-middle-income countries,2009,212.93054
1088,42,Upper-middle-income countries,2010,242.55843
1089,42,Upper-middle-income countries,2011,228.35458
1090,42,Upper-middle-income countries,2012,239.0548
1091,42,Upper-middle-income countries,2013,270.42194
1092,42,Upper-middle-income countries,2014,292.7295
1093,42,Upper-middle-income countries,2015,297.90308
1094,42,Upper-middle-income countries,2016,290.93375
1095,42,Upper-middle-income countries,2017,292.5584
1096,42,Upper-middle-income countries,2018,341.39178
1097,42,Upper-middle-income countries,2019,363.40662
1098,42,Upper-middle-income countries,2020,342.6749
1099,42,Upper-middle-income countries,2021,337.80777
1100,42,Upper-middle-income countries,2022,355.11118
1101,43,World,1990,86.58631
1102,43,World,1991,97.41144
1103,43,World,1992,93.686874
1104,43,World,1993,95.28714
1105,43,World,1994,105.83975
1106,43,World,1995,109.823586
1107,43,World,1996,110.976395
1108,43,World,1997,127.394325
1109,43,World,1998,121.57154
1110,43,World,1999,117.51925
1111,43,World,2000,112.215546
1112,43,World,2001,122.57842
1113,43,World,2002,144.0404
1114,43,World,2003,178.25037
1115,43,World,2004,201.25859
1116,43,World,2005,237.02118
1117,43,World,2006,301.90253
1118,43,World,2007,409.83047
1119,43,World,2008,555.0375
1120,43,World,2009,611.834
1121,43,World,2010,706.21136
1122,43,World,2011,750.47614
1123,43,World,2012,762.8422
1124,43,World,2013,831.64355
1125,43,World,2014,907.2562
1126,43,World,2015,907.02606
1127,43,World,2016,941.4319
1128,43,World,2017,971.13617
1129,43,World,2018,1080.6879
1130,43,World,2019,1139.7861
1131,43,World,2020,1071.7212
1132,43,World,2021,1121.7223
1133,43,World,2022,1187.2043
